programming_skill,math_skill,communication_skill,logic_score,cgpa,aptitude_score,interest_area,career
1,8,7,5,7.3,84,Coding,Business Analytics
8,7,9,1,5.6,93,Business,Business Analytics
7,10,7,7,7.8,48,Data,Business Analytics
5,10,6,5,5.8,55,AI/ML,Machine Learning
5,8,5,8,5.3,42,Management,Machine Learning
9,4,3,7,7.5,69,Coding,Software Development
1,6,3,8,8.3,70,Security,Cybersecurity
7,5,8,5,9.3,41,Design,UI/UX Design
3,7,1,1,8.9,80,Security,Machine Learning
1,9,1,2,9.3,40,Security,Machine Learning
6,4,4,5,8.8,88,Design,Business Analytics
10,6,8,4,8.5,83,Security,Machine Learning
8,1,7,8,5.1,89,Business,Machine Learning
8,8,6,5,8.1,47,Design,UI/UX Design
8,5,6,9,5.6,93,Management,Software Development
8,5,2,2,5.3,73,AI/ML,Machine Learning
6,6,4,4,5.8,92,Business,Machine Learning
2,3,1,8,9.1,82,AI/ML,Software Development
9,6,8,2,8.7,80,Design,UI/UX Design
5,8,8,4,9.7,41,Security,Business Analytics
6,4,3,8,9.9,82,AI/ML,Software Development
4,2,3,6,9.5,67,Design,Software Development
2,4,4,8,5.7,91,Networking,Cybersecurity
10,2,9,6,9.4,81,Security,Software Development
8,4,5,9,9.2,44,Coding,Software Development
7,7,8,9,9.4,94,Coding,Software Development
5,2,5,10,5.8,43,AI/ML,Software Development
9,8,7,2,5.6,58,Networking,Machine Learning
6,3,6,6,9.6,53,Networking,Cloud Engineering
5,9,3,2,5.9,99,Management,Machine Learning
5,8,9,3,6.8,49,Networking,Business Analytics
3,3,8,4,7.3,91,Coding,Product Management
1,6,8,7,5.6,53,Data,Business Analytics
6,2,10,5,5.1,79,AI/ML,Product Management
9,1,3,9,10.0,45,Business,Software Development
1,10,1,3,9.4,63,Data,Business Analytics
9,9,6,7,9.6,78,Business,Business Analytics
9,2,4,8,6.4,83,Design,Software Development
3,3,5,10,6.1,93,Networking,Cybersecurity
7,2,3,3,7.1,89,Management,Software Development
2,4,4,8,7.3,71,Business,Software Development
8,3,4,1,5.0,58,Management,Machine Learning
8,4,4,6,8.9,55,Data,Machine Learning
4,6,8,5,10.0,100,Data,Business Analytics
1,2,6,10,7.6,77,Coding,Software Development
10,9,5,8,6.9,95,AI/ML,Data Science
5,8,2,10,7.0,66,Data,Machine Learning
9,8,6,9,5.5,69,Networking,Cloud Engineering
7,2,2,5,6.3,90,Business,Software Development
8,8,4,8,7.5,84,Management,Machine Learning
8,9,5,1,7.2,52,Business,Business Analytics
2,2,2,6,7.7,71,Networking,Data Science
4,8,4,1,9.2,53,Data,Machine Learning
5,4,3,8,6.1,86,Management,Software Development
5,8,9,10,5.1,41,Management,Business Analytics
1,5,9,7,5.2,90,Data,Business Analytics
6,9,1,9,5.7,96,AI/ML,Data Science
2,2,7,3,7.9,41,AI/ML,Product Management
8,4,7,10,9.0,78,Data,Machine Learning
7,3,4,6,9.4,44,Design,Software Development
10,3,5,7,8.2,61,Coding,Software Development
8,4,8,8,7.0,60,Data,Software Development
4,4,4,7,5.8,71,Management,Software Development
10,2,1,4,7.0,95,AI/ML,Machine Learning
5,8,4,7,6.7,68,Security,Cybersecurity
4,6,3,7,9.4,64,Business,Software Development
10,9,4,9,7.4,45,Networking,Cloud Engineering
4,8,3,5,6.1,94,Data,Machine Learning
1,2,2,6,6.4,59,Coding,Software Development
5,1,10,6,5.7,68,Coding,Product Management
8,5,2,2,9.6,45,Management,Machine Learning
2,5,8,1,5.3,57,Business,Business Analytics
5,3,8,1,5.1,73,Coding,Product Management
2,8,7,7,5.9,94,Data,Business Analytics
7,6,10,5,9.1,60,Coding,Business Analytics
5,8,1,9,7.6,74,Security,Cybersecurity
4,2,4,8,8.1,93,AI/ML,Software Development
3,9,2,2,6.8,61,Design,Machine Learning
6,3,6,2,5.3,57,Networking,Cloud Engineering
7,5,7,4,9.3,42,Management,Machine Learning
10,5,9,10,6.0,95,Design,UI/UX Design
5,9,4,1,5.2,46,Management,Machine Learning
2,3,3,2,7.9,53,Coding,Software Development
9,3,10,1,5.4,48,Networking,Business Analytics
7,4,7,5,5.5,83,Security,Software Development
8,4,8,10,9.0,62,Coding,Software Development
1,2,5,7,7.5,83,Management,Product Management
4,2,5,5,6.2,77,Security,Software Development
8,3,4,2,6.7,40,Data,Machine Learning
9,5,8,4,8.6,58,Coding,Software Development
5,4,3,6,5.3,40,Security,Software Development
9,4,10,3,5.6,43,Security,Business Analytics
9,8,2,8,8.1,68,Business,Machine Learning
4,3,5,10,8.0,56,Design,Software Development
9,10,4,3,9.9,45,AI/ML,Business Analytics
3,8,7,3,6.9,64,Networking,Business Analytics
3,2,7,2,5.3,67,Coding,Product Management
7,4,10,8,7.7,100,Design,Business Analytics
7,2,8,5,8.2,80,Design,UI/UX Design
2,3,3,3,5.7,63,Design,Product Management
9,4,3,3,7.8,68,Data,Machine Learning
2,2,9,1,6.0,45,Management,Product Management
9,1,5,5,9.2,63,Coding,Software Development
1,5,1,7,9.2,75,Coding,Software Development
8,8,9,3,7.1,41,Coding,Business Analytics
8,4,7,1,9.8,96,Management,Product Management
8,9,1,5,9.9,71,AI/ML,Data Science
7,4,8,7,5.6,87,AI/ML,Software Development
5,10,7,4,6.8,56,Coding,Business Analytics
8,3,7,3,8.0,91,Security,Product Management
3,6,9,2,5.4,62,Design,UI/UX Design
8,8,5,8,6.9,96,Management,Machine Learning
6,1,5,9,6.3,71,Coding,Software Development
5,10,7,8,9.8,78,Networking,Cybersecurity
6,4,2,6,7.1,52,Design,Software Development
6,5,2,8,8.8,100,AI/ML,Software Development
1,7,9,4,6.9,51,Management,Business Analytics
2,7,3,1,5.7,42,Security,Business Analytics
3,1,6,4,9.3,66,Coding,Product Management
2,9,3,8,5.0,90,Security,Cybersecurity
5,7,3,7,5.3,96,Networking,Cybersecurity
7,10,6,10,6.8,92,Business,Business Analytics
7,5,9,10,8.4,73,Management,Cloud Engineering
5,7,5,3,6.7,95,Design,Machine Learning
9,5,2,1,5.3,70,Coding,Machine Learning
6,9,3,3,6.6,69,Security,UI/UX Design
1,9,2,9,6.2,51,Data,Business Analytics
8,10,9,9,5.0,88,Coding,Data Science
6,6,4,1,7.7,59,Data,Machine Learning
7,8,4,2,5.6,51,Data,Data Science
6,4,1,6,6.4,62,Business,Software Development
6,5,5,7,8.2,76,Networking,Cloud Engineering
1,8,10,10,8.6,56,Security,Cybersecurity
6,1,5,8,6.3,61,Coding,Software Development
8,8,7,3,6.6,60,Data,Data Science
4,1,2,1,6.2,76,Security,Product Management
7,6,2,7,9.8,83,Management,Software Development
1,5,8,6,6.0,81,Business,Product Management
4,5,1,10,5.9,48,Business,Software Development
5,5,5,6,7.2,61,Management,Software Development
10,5,4,6,5.9,79,Networking,Cloud Engineering
3,5,1,4,5.8,53,Design,Machine Learning
3,5,6,1,5.5,44,Design,UI/UX Design
5,6,10,9,8.2,59,Design,Business Analytics
10,8,1,9,8.1,81,Design,Software Development
9,6,9,2,8.3,80,Networking,Machine Learning
1,7,6,8,8.9,47,Networking,Cybersecurity
3,9,8,4,6.6,81,Networking,Machine Learning
9,10,1,5,9.6,51,Data,UI/UX Design
1,2,9,9,8.7,85,Security,Cybersecurity
9,8,1,9,9.0,74,Design,Software Development
3,3,10,2,8.6,47,Data,Business Analytics
10,2,7,4,6.8,61,Networking,Cloud Engineering
3,8,4,9,6.4,89,Security,Cybersecurity
5,1,1,10,7.1,66,Networking,Cybersecurity
7,9,7,1,5.5,81,Networking,Machine Learning
2,8,1,9,7.3,85,AI/ML,Machine Learning
6,10,7,5,5.2,41,Business,Business Analytics
6,7,8,6,5.0,96,Data,UI/UX Design
8,9,3,1,9.7,60,AI/ML,Data Science
10,2,3,7,8.4,88,Coding,UI/UX Design
7,9,3,7,7.8,68,Security,Cybersecurity
5,2,3,7,6.7,75,Security,Cybersecurity
5,4,2,8,7.9,61,Networking,Cybersecurity
5,2,3,10,9.5,92,Networking,Data Science
9,5,7,9,8.3,47,Design,UI/UX Design
4,8,4,8,8.0,94,Security,Cybersecurity
2,3,8,10,7.3,52,Networking,Cybersecurity
4,9,9,7,6.7,93,Coding,Business Analytics
1,7,8,7,8.5,41,Networking,Product Management
2,7,6,6,9.9,40,Business,Business Analytics
1,10,4,8,7.1,45,Data,Business Analytics
8,5,10,1,7.0,73,Coding,Business Analytics
8,4,3,6,7.1,56,Design,Software Development
7,10,5,5,7.1,76,Coding,Machine Learning
5,6,5,10,10.0,90,Management,Software Development
8,7,8,1,8.5,41,Data,Business Analytics
2,3,6,7,6.8,72,Coding,Software Development
10,3,8,2,6.9,85,Management,Product Management
6,2,10,9,7.2,65,Design,UI/UX Design
10,3,4,9,5.2,96,Design,Software Development
2,2,9,3,7.6,80,AI/ML,Product Management
5,8,2,9,9.1,42,Coding,Software Development
7,1,10,5,8.3,73,Security,Product Management
5,7,2,10,6.0,63,Networking,Cybersecurity
5,10,9,8,8.6,48,Design,UI/UX Design
2,8,4,1,8.6,97,Management,Business Analytics
4,5,10,3,6.3,53,Networking,Business Analytics
3,1,2,5,8.1,45,Networking,Cloud Engineering
4,9,5,3,8.1,53,Security,Business Analytics
7,1,10,2,9.2,90,AI/ML,Product Management
7,7,1,10,5.7,76,Networking,Cloud Engineering
7,7,3,9,6.0,90,Security,Cybersecurity
4,2,1,5,7.4,68,Coding,UI/UX Design
10,8,4,3,5.2,47,Business,Machine Learning
1,2,4,2,7.1,63,Networking,Product Management
4,3,7,10,8.9,52,AI/ML,Software Development
2,9,3,4,5.7,73,AI/ML,Machine Learning
4,10,2,1,7.3,56,Business,Machine Learning
10,3,2,4,9.9,99,Management,Software Development
4,10,10,5,7.5,63,Coding,Business Analytics
10,10,10,7,7.5,59,Data,Business Analytics
5,8,3,4,7.8,100,Networking,Machine Learning
7,2,2,10,5.9,71,Security,Product Management
5,3,1,7,5.7,50,Business,Data Science
3,7,10,10,8.4,69,Security,Cybersecurity
8,10,8,4,7.0,55,Business,Business Analytics
10,9,8,7,6.4,83,Security,Cybersecurity
3,5,3,4,5.2,74,Security,Machine Learning
8,3,7,7,9.2,84,Networking,Cloud Engineering
3,10,1,8,5.2,97,Data,Business Analytics
8,3,7,4,8.7,84,AI/ML,Machine Learning
8,4,6,10,6.9,60,Networking,Product Management
5,10,4,9,8.0,52,Business,Business Analytics
8,6,8,9,6.2,72,Management,Product Management
3,3,7,3,5.8,67,Management,Product Management
1,1,5,8,7.7,59,Security,Cybersecurity
1,5,2,2,8.5,89,Management,Product Management
5,10,1,2,6.0,95,Management,Machine Learning
10,5,10,10,7.2,63,Security,Cybersecurity
2,7,3,2,7.2,81,Design,Business Analytics
5,3,4,9,6.1,100,Coding,Software Development
8,8,7,5,7.8,40,Security,Machine Learning
3,8,3,4,5.7,62,Coding,UI/UX Design
8,7,4,1,7.5,85,Coding,Machine Learning
4,8,8,7,5.6,70,Management,Product Management
9,6,6,8,7.4,88,AI/ML,Machine Learning
6,4,7,5,6.6,68,Coding,Software Development
6,8,1,9,7.3,43,Design,Cloud Engineering
2,9,5,4,7.2,66,Design,Business Analytics
5,9,5,6,9.5,64,AI/ML,Machine Learning
9,3,7,3,7.4,91,Networking,Cloud Engineering
1,7,2,6,9.1,48,Coding,Software Development
8,1,2,2,6.1,49,Business,Software Development
5,6,8,5,6.8,48,Coding,Data Science
8,6,7,6,5.4,74,Data,Business Analytics
7,4,9,6,7.1,100,Networking,Cloud Engineering
5,10,3,5,8.3,77,Management,Machine Learning
4,9,10,7,9.2,89,AI/ML,Business Analytics
7,1,3,6,7.8,91,Security,Software Development
2,3,7,3,8.2,76,Management,Product Management
6,3,2,3,5.9,77,Networking,Cloud Engineering
1,9,10,7,5.2,54,Data,Business Analytics
7,6,4,10,9.0,98,Networking,Cloud Engineering
7,8,9,8,5.8,88,Design,Software Development
1,9,4,7,5.5,93,Management,Software Development
8,8,8,10,9.7,100,Design,UI/UX Design
5,1,5,9,9.8,61,Design,Software Development
8,2,1,6,8.1,48,Management,Software Development
1,4,2,2,6.9,92,Networking,Product Management
2,4,7,7,9.2,68,Coding,UI/UX Design
5,8,2,7,6.0,98,Data,Machine Learning
2,2,3,3,7.1,82,Data,Cloud Engineering
4,4,6,9,6.8,55,Coding,Software Development
7,3,3,9,9.6,61,Data,Software Development
2,2,2,4,9.6,77,AI/ML,Machine Learning
7,2,7,5,8.3,64,Business,Product Management
2,2,7,2,5.6,57,Security,Product Management
2,6,8,2,7.4,52,Design,UI/UX Design
6,5,10,3,6.2,79,Design,UI/UX Design
8,5,2,4,9.4,42,Design,Machine Learning
2,5,5,3,5.7,45,Coding,Business Analytics
3,8,3,2,5.3,42,Management,Machine Learning
10,9,10,5,8.5,84,Business,Business Analytics
10,6,6,7,7.3,41,Security,Cybersecurity
6,7,1,4,9.2,65,Management,Machine Learning
5,8,7,6,5.4,47,Coding,Business Analytics
4,7,1,3,9.0,75,Data,Machine Learning
7,2,3,8,5.2,42,AI/ML,Software Development
6,10,8,7,5.1,41,Data,Business Analytics
3,2,6,10,7.3,65,Networking,Cybersecurity
1,5,8,1,6.1,82,AI/ML,Business Analytics
2,7,6,9,8.0,46,Data,Business Analytics
10,5,9,4,5.1,70,Management,Product Management
5,3,6,1,5.2,89,AI/ML,Product Management
5,10,1,7,8.6,78,Management,Machine Learning
5,1,1,2,6.1,85,Security,Software Development
8,3,8,2,8.3,59,Design,UI/UX Design
1,10,1,10,8.7,97,Management,Machine Learning
1,8,4,3,5.3,48,Business,Business Analytics
3,1,1,6,8.8,76,Data,Software Development
5,8,4,3,6.3,66,Data,Machine Learning
7,10,6,2,6.9,41,Design,UI/UX Design
5,1,2,1,5.4,97,Security,Product Management
5,5,5,1,9.2,82,Management,Product Management
10,5,10,5,7.8,53,Security,Machine Learning
2,2,1,5,7.5,43,Design,Software Development
6,3,1,1,9.8,81,Management,Machine Learning
6,2,3,4,6.7,73,Design,Software Development
5,2,9,3,9.5,43,Data,Business Analytics
9,5,5,6,8.6,100,Coding,Software Development
3,5,7,10,9.6,83,Business,Product Management
10,3,1,7,9.5,68,Management,Software Development
4,3,8,10,10.0,54,Networking,Cybersecurity
6,2,1,2,5.7,56,Design,Machine Learning
6,8,8,3,9.0,67,Security,Business Analytics
9,3,2,8,9.0,43,Business,Software Development
5,10,9,4,8.2,62,Business,Business Analytics
3,6,3,9,6.4,53,AI/ML,Software Development
1,9,2,5,9.8,46,Coding,Business Analytics
4,7,4,3,6.0,47,Design,Machine Learning
9,3,1,9,7.5,61,Data,Business Analytics
1,7,2,6,7.6,63,Business,Business Analytics
9,3,6,9,5.8,61,Networking,Cloud Engineering
6,2,4,5,8.6,82,Coding,Software Development
2,3,4,2,5.4,71,Security,Product Management
4,3,9,7,8.5,51,Design,UI/UX Design
6,2,2,2,9.2,99,Coding,Software Development
4,1,4,7,6.7,84,Design,Software Development
2,10,2,5,8.5,68,Business,Business Analytics
7,6,5,8,5.8,42,Security,Cybersecurity
7,5,4,9,9.2,95,Business,Software Development
2,10,1,5,9.8,85,Security,Machine Learning
3,3,1,9,5.8,68,Data,Business Analytics
3,5,9,2,8.5,49,Coding,Business Analytics
7,9,1,2,7.5,46,Security,Machine Learning
8,7,8,10,7.7,57,Data,Business Analytics
8,4,10,6,8.5,54,Networking,Software Development
10,3,5,5,7.4,52,Coding,Software Development
8,1,4,2,8.0,64,Networking,Cloud Engineering
4,1,8,3,6.2,42,Design,UI/UX Design
2,2,10,7,6.9,59,Coding,Product Management
7,8,2,9,9.3,93,Business,Software Development
10,7,10,10,5.5,92,Data,Business Analytics
10,5,10,5,8.0,40,Design,UI/UX Design
3,8,2,5,5.9,81,Management,Machine Learning
3,2,1,2,9.2,100,Coding,Cybersecurity
1,3,8,1,7.9,75,Security,Product Management
2,4,1,5,7.0,63,Networking,Cybersecurity
6,10,7,6,6.2,69,Coding,Business Analytics
6,7,1,2,7.2,53,Management,Machine Learning
4,9,7,5,9.8,64,Design,UI/UX Design
4,3,3,7,7.5,97,Design,Software Development
9,9,1,9,7.3,77,Business,Machine Learning
5,1,1,10,8.7,66,Management,Software Development
9,3,2,4,6.9,47,AI/ML,Cloud Engineering
10,6,6,4,7.1,95,AI/ML,Machine Learning
4,1,1,9,6.7,49,Coding,Software Development
3,9,9,7,5.8,84,Data,UI/UX Design
10,9,7,3,8.6,58,AI/ML,Data Science
7,6,3,7,9.4,56,Security,Cybersecurity
3,4,10,2,9.5,50,Coding,Business Analytics
7,1,7,5,9.4,62,Data,Software Development
6,7,7,4,7.3,81,Security,Software Development
10,6,2,10,6.4,65,Management,Software Development
3,8,8,1,8.2,41,Business,Business Analytics
10,7,6,9,9.8,56,AI/ML,Data Science
10,2,10,3,8.6,49,Security,Software Development
2,2,5,1,7.5,64,Networking,Product Management
2,8,7,7,8.4,95,Management,Product Management
6,2,4,7,8.9,98,Coding,Software Development
1,10,1,2,9.6,100,Design,Machine Learning
3,2,2,1,8.8,46,AI/ML,Machine Learning
5,8,9,2,7.2,69,Networking,Business Analytics
10,10,8,5,6.4,42,AI/ML,Data Science
10,5,4,2,7.5,70,Security,Machine Learning
2,1,7,8,6.6,75,Design,UI/UX Design
9,9,1,1,9.7,87,AI/ML,Data Science
1,2,1,8,7.5,60,Networking,Cybersecurity
8,6,6,9,7.4,42,Networking,Cloud Engineering
9,10,7,8,6.7,67,Data,Cybersecurity
9,8,10,10,8.2,66,Networking,Cloud Engineering
3,1,8,10,7.6,78,Networking,Cybersecurity
9,9,3,1,5.6,46,Security,Machine Learning
2,2,9,4,9.3,77,Design,UI/UX Design
6,8,5,8,6.8,64,Security,Cybersecurity
5,7,9,4,7.2,85,Management,Product Management
4,3,2,8,6.0,100,Security,Cybersecurity
1,5,1,8,7.8,53,Management,Software Development
8,2,1,10,8.5,85,Data,Software Development
4,10,10,4,9.4,47,Design,UI/UX Design
7,3,1,4,5.3,100,Design,Software Development
5,4,10,1,9.9,69,Coding,Business Analytics
4,6,8,3,8.5,85,Security,Business Analytics
9,7,2,3,6.4,87,Data,Data Science
1,6,9,5,6.0,77,Security,Business Analytics
8,6,2,5,6.5,63,Data,Machine Learning
8,6,2,9,9.4,86,Networking,Cloud Engineering
4,9,6,8,6.5,69,Business,Cloud Engineering
3,4,3,8,7.3,80,Management,Software Development
1,9,3,1,8.5,77,Data,Business Analytics
10,8,2,5,9.4,68,Security,Machine Learning
10,10,7,8,8.3,47,Design,UI/UX Design
3,10,1,3,8.8,57,Design,Machine Learning
1,8,3,5,5.9,97,AI/ML,Machine Learning
2,3,6,8,9.4,71,AI/ML,Software Development
1,8,5,8,6.4,78,Data,Business Analytics
9,8,7,9,5.6,55,Coding,Software Development
9,3,3,5,9.9,83,AI/ML,Machine Learning
2,7,7,4,6.0,69,Security,Business Analytics
8,3,8,4,5.7,53,Design,UI/UX Design
2,6,4,7,8.1,48,AI/ML,Machine Learning
4,8,3,5,6.6,64,Networking,Machine Learning
6,2,6,5,5.7,74,Networking,Data Science
8,4,6,2,8.0,57,AI/ML,Machine Learning
9,8,1,5,8.8,54,Design,Machine Learning
1,5,6,3,9.0,56,Networking,Business Analytics
2,10,2,6,5.8,57,Management,Machine Learning
3,1,6,9,7.8,85,AI/ML,Cybersecurity
4,8,10,8,9.1,70,Security,Cybersecurity
10,9,6,5,5.8,68,AI/ML,Data Science
8,10,8,10,6.0,49,Security,Cybersecurity
4,2,4,10,5.0,73,Security,Cybersecurity
10,10,10,5,7.6,98,Networking,Machine Learning
5,4,9,8,6.0,85,Business,Product Management
6,4,10,4,8.6,67,Coding,Business Analytics
5,4,8,9,9.8,58,Business,Business Analytics
2,7,7,4,6.0,61,Data,Business Analytics
10,7,6,3,8.2,41,Data,Data Science
1,5,10,2,6.1,41,Coding,Business Analytics
2,1,9,9,5.1,87,AI/ML,Product Management
3,10,5,3,8.8,91,Design,Business Analytics
3,3,1,9,7.2,99,Design,Software Development
2,1,1,1,9.7,78,Management,Product Management
1,6,3,6,7.7,96,Security,Business Analytics
7,5,1,5,5.8,65,Design,Machine Learning
10,7,3,5,7.2,55,Design,Machine Learning
2,9,2,2,6.0,54,Data,Machine Learning
3,1,10,1,9.4,54,Networking,Product Management
6,3,1,4,8.5,85,Data,Machine Learning
10,6,7,5,6.7,40,Coding,Software Development
7,8,4,8,7.6,97,Security,Cybersecurity
8,7,2,5,8.3,87,Security,Machine Learning
6,4,8,3,8.9,63,Networking,Cybersecurity
5,7,10,3,5.4,82,Networking,Product Management
2,10,8,7,5.1,48,Networking,Cybersecurity
9,5,10,5,5.6,66,Security,Business Analytics
9,9,6,10,7.0,46,Coding,Software Development
1,8,7,5,7.3,46,Business,Business Analytics
8,4,2,6,5.7,40,Design,Software Development
1,3,9,1,7.1,88,Data,Business Analytics
8,8,8,2,7.2,85,Business,Business Analytics
9,3,3,9,5.5,94,AI/ML,Software Development
2,4,4,4,9.6,99,Design,Product Management
5,3,7,5,8.0,98,Data,Business Analytics
2,7,1,6,6.9,100,Security,Machine Learning
6,3,9,1,7.5,40,AI/ML,Software Development
10,7,3,6,6.6,87,AI/ML,Data Science
1,10,1,4,9.3,84,Networking,Product Management
4,9,4,2,7.9,49,Design,Machine Learning
10,10,9,5,7.5,48,AI/ML,Data Science
4,1,3,5,9.6,99,Coding,Software Development
2,5,6,2,9.2,93,Networking,Business Analytics
5,3,9,6,9.1,59,Business,Business Analytics
6,10,1,8,6.1,44,Data,Data Science
7,8,8,3,5.8,60,AI/ML,Data Science
4,4,3,10,8.5,40,Management,Software Development
10,6,7,7,7.3,81,Coding,Software Development
6,7,2,8,8.4,63,Networking,Cybersecurity
3,5,2,1,8.8,42,Management,Machine Learning
10,5,8,8,6.5,99,Data,Software Development
10,1,9,4,6.4,90,Management,Product Management
5,5,10,8,7.5,95,AI/ML,Business Analytics
1,4,7,9,6.4,100,Data,Product Management
6,9,5,3,8.3,40,AI/ML,Data Science
6,9,2,3,8.7,87,Design,Machine Learning
2,8,3,1,7.4,88,Business,Business Analytics
7,1,7,7,8.6,87,Security,Cybersecurity
9,9,4,8,7.6,56,AI/ML,Data Science
2,4,5,5,8.6,63,Management,Product Management
8,5,2,2,6.1,96,Networking,Machine Learning
2,10,5,4,8.7,44,Design,Business Analytics
8,9,3,5,8.6,79,Design,Machine Learning
5,1,2,10,6.3,88,AI/ML,Software Development
1,4,2,2,7.8,88,Business,Product Management
10,8,6,4,9.3,76,Data,Data Science
2,6,4,7,6.2,86,Management,Product Management
6,3,1,3,8.7,95,Management,Machine Learning
2,6,6,9,9.8,86,Design,UI/UX Design
10,9,2,10,9.3,47,Business,Software Development
8,3,1,4,7.0,54,Networking,Cloud Engineering
9,8,2,8,8.0,58,Networking,Cloud Engineering
5,8,5,8,10.0,60,Networking,Cybersecurity
5,9,10,7,7.8,62,Business,Cybersecurity
7,3,3,2,5.6,53,Security,Machine Learning
8,3,3,1,5.2,81,Networking,Machine Learning
9,6,3,4,9.0,46,AI/ML,Machine Learning
1,6,4,2,7.1,88,Data,Product Management
7,5,8,3,6.2,80,Data,Business Analytics
2,8,4,7,6.7,98,Networking,Cybersecurity
3,8,7,6,8.8,40,Data,Software Development
9,3,9,3,7.3,58,Management,Product Management
3,8,10,1,9.3,94,Management,Product Management
8,3,6,3,8.7,70,Security,Machine Learning
5,5,8,5,9.9,74,Design,UI/UX Design
3,1,10,8,9.4,41,AI/ML,Product Management
4,4,8,4,6.3,86,Design,UI/UX Design
6,10,3,3,8.3,55,Security,Machine Learning
8,5,2,6,5.1,98,Security,Software Development
7,8,2,1,10.0,62,Security,Software Development
10,2,9,3,6.3,51,Management,Product Management
9,7,6,1,8.3,76,Design,UI/UX Design
8,4,3,6,9.2,69,AI/ML,Machine Learning
7,8,4,5,5.8,68,Networking,Machine Learning
3,10,3,6,9.2,97,Business,Business Analytics
5,6,9,7,5.1,62,Security,Cybersecurity
2,2,7,4,7.2,64,Security,Product Management
4,5,9,9,7.4,78,Networking,Cybersecurity
10,2,4,10,6.9,50,Networking,Cloud Engineering
5,5,5,2,7.9,90,Coding,Machine Learning
2,1,2,10,9.6,54,AI/ML,Software Development
7,7,10,2,6.6,54,Business,Business Analytics
10,4,6,3,7.9,40,Coding,Software Development
9,3,6,6,9.4,60,Business,Software Development
3,1,5,1,8.9,75,Management,Product Management
5,9,3,4,5.2,83,Data,Machine Learning
6,9,10,2,9.7,94,Design,UI/UX Design
3,9,5,5,5.2,87,Coding,Business Analytics
3,1,7,9,7.9,59,Security,Cybersecurity
3,4,1,10,7.9,90,Data,Software Development
10,10,3,3,8.9,51,Design,Machine Learning
8,6,9,6,5.7,52,Networking,Cloud Engineering
9,2,1,5,5.9,61,Design,Software Development
9,2,2,5,8.8,72,Security,Software Development
10,3,9,7,5.7,52,Data,Software Development
2,10,4,10,7.3,94,Networking,Cybersecurity
9,2,3,5,8.7,56,Data,Software Development
1,10,6,1,8.3,63,Management,Business Analytics
5,7,2,10,6.1,76,Business,Software Development
6,10,1,10,6.5,66,Management,Machine Learning
4,9,1,4,9.8,64,Design,Machine Learning
2,4,1,6,7.2,100,Coding,Software Development
2,9,2,9,5.2,66,Management,UI/UX Design
9,2,7,6,6.1,46,Data,Business Analytics
4,3,3,5,6.7,84,Networking,Cloud Engineering
4,3,1,10,10.0,83,Coding,Cybersecurity
10,2,1,9,6.5,53,Management,Software Development
2,1,5,6,5.1,91,Security,Product Management
10,2,9,2,7.6,63,AI/ML,Machine Learning
10,2,4,5,5.4,49,Data,Software Development
6,4,1,7,6.4,50,AI/ML,Software Development
2,1,3,3,10.0,83,Business,Product Management
2,1,5,6,8.5,53,Design,Software Development
3,10,2,7,5.3,68,Coding,Machine Learning
6,1,10,1,7.2,84,Design,UI/UX Design
2,1,8,6,5.9,92,Networking,Product Management
5,1,4,8,5.6,69,Design,Software Development
2,2,10,3,7.9,95,Security,UI/UX Design
6,6,4,6,7.5,58,Coding,Software Development
1,9,2,8,8.7,93,Security,Cybersecurity
8,8,10,1,9.5,55,Coding,Business Analytics
1,6,10,7,6.2,43,AI/ML,Business Analytics
2,1,4,3,9.6,84,Networking,Product Management
2,8,6,4,7.6,86,Business,Business Analytics
9,1,2,7,6.3,96,Coding,Software Development
1,7,7,1,9.2,96,Networking,Software Development
5,5,7,1,5.2,46,Security,Business Analytics
6,9,8,5,7.8,77,Design,UI/UX Design
6,4,6,10,8.6,82,Data,Software Development
7,7,8,1,6.4,76,Coding,Business Analytics
9,5,6,8,9.3,41,AI/ML,Software Development
4,6,9,1,6.2,42,Business,Business Analytics
9,10,2,5,9.2,80,Security,Machine Learning
4,8,5,5,5.4,92,Management,Business Analytics
10,5,5,5,5.8,50,AI/ML,Machine Learning
6,5,6,1,6.9,42,Networking,Cloud Engineering
8,8,2,8,9.3,64,Networking,Cloud Engineering
9,4,4,3,5.7,59,Data,Machine Learning
8,2,10,8,9.4,99,Coding,Software Development
9,5,2,7,6.1,96,Networking,Cloud Engineering
6,1,7,6,7.3,74,Security,Software Development
1,2,7,4,6.8,97,Networking,Product Management
5,5,5,7,5.6,53,Security,Cybersecurity
2,8,1,10,9.7,100,Design,Software Development
9,8,1,10,7.2,67,Design,Software Development
3,3,3,10,8.5,69,Business,Software Development
3,5,2,3,7.9,43,Management,Machine Learning
3,2,1,6,7.5,50,Coding,Software Development
7,8,2,4,8.1,51,Management,Machine Learning
6,3,2,10,9.5,69,Management,UI/UX Design
10,8,9,10,8.5,51,Design,UI/UX Design
5,9,7,9,7.7,46,Security,Cybersecurity
3,7,1,2,8.2,76,Data,Machine Learning
1,4,7,4,8.0,93,Data,Business Analytics
1,10,2,8,7.2,44,AI/ML,Machine Learning
4,7,5,8,8.1,74,Coding,Software Development
10,7,1,4,7.2,98,AI/ML,Data Science
6,9,1,2,8.8,64,AI/ML,Data Science
9,9,2,2,9.8,51,Security,Machine Learning
2,1,5,7,9.8,44,Coding,Business Analytics
1,9,5,5,9.1,97,AI/ML,Business Analytics
9,8,4,5,8.0,64,Management,Machine Learning
2,3,7,9,8.7,46,Business,Business Analytics
1,4,8,1,5.9,92,Security,Product Management
5,8,8,8,7.4,88,Management,UI/UX Design
10,3,6,3,6.3,82,Design,UI/UX Design
7,5,6,10,5.0,45,Management,Data Science
1,7,5,10,9.8,45,Management,Business Analytics
9,7,3,6,9.3,53,Coding,Software Development
9,10,5,4,7.6,49,Coding,Machine Learning
9,2,1,3,6.3,72,Business,Cybersecurity
10,3,10,2,8.5,63,Design,UI/UX Design
3,10,4,10,7.2,86,Security,Cybersecurity
10,6,8,2,9.0,46,Coding,Cloud Engineering
4,3,10,5,10.0,84,Coding,Product Management
9,3,5,5,6.7,96,Business,Software Development
6,4,9,7,6.2,47,Business,Cloud Engineering
8,6,5,9,6.3,79,Management,Software Development
7,3,2,6,5.5,71,Networking,Cloud Engineering
7,7,1,8,7.0,45,Security,Cybersecurity
7,5,2,6,5.1,57,AI/ML,Machine Learning
8,7,10,5,5.6,88,AI/ML,Cloud Engineering
8,2,5,2,6.4,93,Security,Product Management
2,7,4,3,5.8,62,Coding,Business Analytics
9,10,5,5,8.7,46,AI/ML,Data Science
6,2,3,1,5.5,54,Design,Business Analytics
4,4,9,4,9.3,91,Coding,Business Analytics
6,7,10,5,6.1,74,AI/ML,Data Science
10,7,1,5,5.5,66,Networking,Machine Learning
9,7,8,9,5.1,40,Design,UI/UX Design
9,6,4,10,8.6,87,Design,Software Development
5,7,1,8,6.3,68,Design,Software Development
8,7,10,1,7.5,73,AI/ML,Data Science
4,1,1,5,5.6,91,Business,Software Development
7,8,3,8,9.9,74,Business,Machine Learning
7,5,1,6,5.6,96,Business,Software Development
3,1,5,5,7.1,74,Design,Product Management
3,5,6,5,9.3,60,Coding,Business Analytics
1,5,4,5,6.2,96,Data,Business Analytics
2,1,1,6,6.3,79,Management,Software Development
5,10,2,2,9.0,86,Data,Machine Learning
5,3,10,6,6.4,53,Networking,Cloud Engineering
2,4,9,3,5.0,80,Networking,Product Management
5,5,10,7,7.1,74,Design,UI/UX Design
7,9,6,9,5.1,46,Data,Data Science
3,8,6,6,9.5,55,Business,Business Analytics
4,8,8,4,8.2,95,AI/ML,Business Analytics
4,3,7,10,7.9,74,Data,Software Development
6,9,5,7,6.0,87,Data,Data Science
4,9,3,5,8.5,50,AI/ML,Machine Learning
8,5,5,1,8.4,53,Data,Machine Learning
4,6,1,1,5.3,97,AI/ML,Machine Learning
5,1,2,3,9.4,65,Data,Machine Learning
4,8,8,3,7.9,94,Data,Machine Learning
2,10,9,8,9.0,89,AI/ML,Business Analytics
7,5,2,6,6.3,60,Data,Machine Learning
3,6,1,10,5.6,97,AI/ML,Software Development
3,5,1,6,8.5,87,Business,Software Development
8,1,8,10,9.0,47,Data,Software Development
10,7,4,6,6.9,45,Business,Machine Learning
7,8,4,4,5.1,47,Management,Data Science
10,10,1,8,9.1,85,Management,Machine Learning
9,10,10,5,6.0,48,Management,Business Analytics
5,5,5,3,6.7,57,AI/ML,Machine Learning
8,10,8,5,8.1,66,Coding,Machine Learning
4,6,8,7,5.5,48,Coding,Business Analytics
5,7,2,4,5.4,60,Design,Machine Learning
6,7,9,8,5.1,81,Networking,Cloud Engineering
10,10,6,10,9.6,99,Data,Data Science
9,8,7,5,6.6,68,Business,Business Analytics
5,2,3,3,8.3,85,Coding,Software Development
7,1,9,5,9.9,72,Data,Product Management
3,5,10,9,8.3,68,Design,UI/UX Design
9,6,5,2,7.6,71,Data,Machine Learning
6,7,1,10,7.6,98,Business,Software Development
6,5,9,5,6.9,43,Design,UI/UX Design
8,6,9,9,8.0,71,Management,Product Management
7,10,6,8,9.8,43,Design,UI/UX Design
1,4,6,8,8.9,93,Management,Product Management
3,5,3,10,7.1,76,Networking,Cybersecurity
2,6,1,2,6.7,42,AI/ML,Machine Learning
8,5,10,6,9.4,78,Security,Business Analytics
1,10,5,1,5.7,66,Networking,Business Analytics
3,10,3,3,9.2,42,AI/ML,Machine Learning
6,6,7,1,6.3,99,Coding,Business Analytics
7,5,1,7,8.6,63,Business,Software Development
6,6,1,7,9.0,41,Coding,Software Development
9,2,3,8,7.4,77,Data,Software Development
10,5,5,2,6.0,62,Design,Machine Learning
2,3,4,4,9.2,80,Business,Product Management
10,2,2,7,6.8,49,AI/ML,Software Development
7,1,4,9,6.6,90,AI/ML,Software Development
7,6,4,9,7.6,65,Management,Software Development
1,1,6,1,7.2,65,Business,Product Management
7,7,6,5,8.4,89,AI/ML,Data Science
8,5,9,1,5.7,73,Data,Business Analytics
6,4,9,9,7.2,40,Security,Cybersecurity
1,8,3,2,9.5,75,AI/ML,Machine Learning
6,6,10,9,5.2,79,Management,Product Management
10,8,6,2,7.3,59,Data,Data Science
8,8,2,1,8.3,51,Business,Cybersecurity
2,1,4,9,9.4,43,Security,Cybersecurity
10,3,8,5,8.0,91,Networking,Cloud Engineering
10,6,9,5,9.1,40,Data,Business Analytics
2,10,4,7,6.1,75,Coding,Business Analytics
9,2,2,3,6.8,91,Coding,Software Development
5,2,2,7,9.7,61,Security,Business Analytics
6,10,2,5,9.4,52,Security,Machine Learning
5,10,7,3,7.8,83,AI/ML,Machine Learning
8,2,6,4,7.4,78,Coding,Software Development
10,5,5,1,7.3,40,Design,Machine Learning
8,7,7,4,5.3,75,Management,Product Management
10,2,9,6,9.5,40,Data,Cybersecurity
10,4,8,2,9.1,64,Data,Machine Learning
1,4,2,2,7.3,58,Networking,Business Analytics
3,7,6,7,6.4,90,AI/ML,Business Analytics
8,4,9,5,6.7,99,Security,Product Management
6,5,8,2,5.6,82,Security,Business Analytics
1,3,4,8,8.6,84,Networking,Cybersecurity
1,8,4,8,7.8,41,Design,Business Analytics
6,2,9,1,6.2,43,Coding,Product Management
7,3,1,3,8.1,87,Networking,Cloud Engineering
2,3,6,4,9.9,66,Coding,Product Management
2,10,2,8,5.6,70,Networking,Cybersecurity
2,10,9,1,7.3,82,Coding,Business Analytics
6,6,1,9,7.5,61,Design,Software Development
1,2,1,4,5.8,81,Coding,Software Development
6,8,4,2,7.7,84,Data,Data Science
5,5,3,9,8.0,54,Design,Software Development
5,9,5,1,5.8,81,Management,Machine Learning
7,4,3,2,5.8,50,Coding,Machine Learning
6,10,4,10,9.3,58,Business,Machine Learning
8,9,6,6,6.6,87,Coding,Software Development
8,3,6,5,8.2,99,Data,Machine Learning
10,8,10,7,8.1,43,AI/ML,Data Science
8,3,5,7,9.2,79,Data,Software Development
6,4,6,7,8.7,74,Security,Cybersecurity
5,3,7,1,9.2,76,Data,Business Analytics
3,7,2,6,8.1,87,Coding,Software Development
6,3,7,3,7.2,44,Networking,Cloud Engineering
2,7,9,9,7.0,85,Design,UI/UX Design
10,6,4,6,6.9,57,Networking,Cloud Engineering
9,8,2,2,7.1,49,Networking,Machine Learning
2,10,4,9,5.6,67,Security,Cybersecurity
8,1,3,3,7.1,41,Security,Software Development
2,10,6,3,6.9,78,Business,Business Analytics
8,2,9,10,5.2,74,Business,Product Management
1,6,6,8,6.4,71,Coding,Business Analytics
5,4,2,9,8.8,41,Networking,Cybersecurity
7,7,4,7,7.9,86,Design,Machine Learning
8,8,7,10,9.0,42,Data,Data Science
5,9,4,2,7.7,56,Business,Business Analytics
10,5,6,6,9.3,64,Coding,Software Development
8,10,7,3,9.0,82,AI/ML,Data Science
3,4,4,4,5.5,64,AI/ML,Machine Learning
7,3,7,3,9.9,89,AI/ML,Machine Learning
8,4,4,3,5.1,96,Coding,Software Development
4,6,2,5,8.0,86,Data,Machine Learning
8,7,4,10,9.0,42,Security,Cybersecurity
9,9,5,7,6.7,87,Management,Machine Learning
9,3,1,4,8.0,52,Design,Software Development
8,4,9,5,6.8,94,Networking,Cloud Engineering
7,10,6,6,5.3,99,Management,Machine Learning
3,5,1,3,5.0,45,Coding,Machine Learning
8,3,9,6,5.5,46,Data,Software Development
4,10,9,7,5.5,82,Security,Cybersecurity
6,5,1,3,8.1,48,Design,Machine Learning
4,10,2,6,7.6,99,Business,Machine Learning
4,10,4,8,7.3,72,Design,Cybersecurity
2,10,6,6,8.5,74,Management,Business Analytics
10,6,8,3,5.1,92,Coding,Machine Learning
2,8,5,6,6.4,53,Design,Business Analytics
1,10,7,8,8.9,73,AI/ML,Business Analytics
10,3,1,3,9.5,100,Coding,Cloud Engineering
6,1,7,6,7.2,41,Security,Software Development
5,4,10,7,5.4,50,Networking,Cybersecurity
8,7,6,4,9.0,48,Coding,Machine Learning
4,6,5,4,9.4,60,Business,Business Analytics
2,1,3,9,7.1,47,AI/ML,Data Science
8,6,10,4,6.2,50,Security,Business Analytics
2,2,1,6,5.2,92,Management,Software Development
6,6,3,2,8.0,68,AI/ML,Machine Learning
10,6,2,10,9.5,61,Coding,Software Development
10,7,9,6,8.4,65,Security,Machine Learning
4,5,5,8,6.6,99,Management,Software Development
8,5,10,7,8.2,69,Security,Cybersecurity
7,7,7,4,9.2,68,Data,Business Analytics
5,8,6,4,7.4,96,Security,Business Analytics
2,9,6,8,9.1,42,Business,Business Analytics
4,4,3,9,7.0,69,Management,Software Development
7,5,6,2,6.7,85,Management,Product Management
10,4,7,9,7.9,71,Coding,Software Development
1,6,10,9,7.3,92,AI/ML,Product Management
8,2,6,2,9.9,94,Design,UI/UX Design
9,5,10,2,7.6,60,Security,Business Analytics
10,2,10,7,6.9,89,Security,Cybersecurity
5,6,6,9,7.0,54,Coding,Software Development
2,9,5,4,7.7,54,Networking,Business Analytics
3,10,2,7,6.8,99,Security,Cybersecurity
9,5,3,10,8.6,40,AI/ML,Business Analytics
9,1,9,4,6.9,61,Data,Software Development
7,3,2,3,6.9,78,Business,Machine Learning
2,2,4,10,8.1,65,AI/ML,Software Development
2,8,7,3,5.3,91,Coding,Business Analytics
5,10,3,5,8.3,55,Data,Machine Learning
6,6,10,5,7.5,73,Security,Business Analytics
1,2,7,6,7.3,47,AI/ML,Product Management
7,1,1,3,8.6,52,Networking,Cloud Engineering
6,10,3,7,8.8,50,Coding,Machine Learning
1,4,8,7,9.2,85,Data,Business Analytics
1,2,9,3,6.9,52,Security,Product Management
5,2,10,5,6.6,80,Management,Product Management
8,3,9,1,8.6,61,Business,Product Management
9,7,1,3,7.9,74,Business,Machine Learning
5,9,8,10,8.2,93,Business,Business Analytics
3,3,2,6,7.8,92,Security,Software Development
10,7,1,7,8.9,40,Networking,Cloud Engineering
5,1,7,9,6.0,87,AI/ML,Software Development
4,1,5,8,7.8,98,Management,Software Development
5,1,7,8,5.8,80,AI/ML,Software Development
1,10,9,8,7.0,51,Management,Business Analytics
4,6,1,5,8.3,80,Coding,Software Development
6,9,6,7,7.5,78,Design,UI/UX Design
10,1,9,3,6.9,80,Business,Product Management
8,1,5,9,9.4,66,Data,Software Development
8,9,6,2,8.9,72,Networking,Machine Learning
6,2,5,9,7.6,79,Business,Software Development
2,2,10,9,9.8,68,Networking,Cybersecurity
4,6,1,2,7.1,87,Management,Machine Learning
10,7,9,8,8.9,83,Coding,Software Development
1,3,9,10,5.8,58,Coding,Software Development
9,5,9,6,6.4,77,AI/ML,Machine Learning
7,7,5,4,6.7,86,Data,Data Science
3,5,6,9,5.5,69,Data,Business Analytics
8,4,4,6,7.5,83,Design,Software Development
9,1,3,2,6.0,47,AI/ML,Machine Learning
1,5,9,3,8.2,63,Security,Cloud Engineering
2,9,6,7,6.0,82,Security,Cybersecurity
7,7,8,5,5.6,94,Management,Product Management
10,9,2,3,9.8,79,Management,Machine Learning
1,2,8,8,8.3,80,Business,Product Management
7,1,7,2,9.7,60,Data,Machine Learning
2,6,10,3,7.4,82,Networking,Business Analytics
7,2,2,5,5.2,61,Design,Software Development
7,6,6,1,7.9,43,Business,Business Analytics
1,10,6,4,7.8,55,Data,Business Analytics
7,4,6,10,5.1,77,Management,Software Development
9,6,1,10,9.3,98,Data,Software Development
9,7,5,9,8.1,70,Management,Software Development
1,2,3,4,8.7,92,Management,Product Management
3,9,7,1,7.5,87,AI/ML,Machine Learning
3,3,3,9,8.1,74,Management,Software Development
5,9,5,4,6.3,89,Security,Machine Learning
2,7,7,8,9.9,64,Networking,Cybersecurity
9,2,1,2,7.0,67,Design,Machine Learning
8,8,8,7,5.8,84,Design,UI/UX Design
9,2,8,6,5.3,78,Security,Software Development
2,6,1,10,8.2,72,Security,Cybersecurity
1,10,1,2,9.9,66,AI/ML,Machine Learning
10,10,9,5,9.5,99,AI/ML,Data Science
3,9,3,10,8.5,44,Coding,Software Development
7,5,9,4,10.0,43,Design,UI/UX Design
10,6,5,7,8.6,69,Security,Cybersecurity
1,4,4,2,6.7,42,Data,Data Science
1,10,3,8,8.0,60,Coding,Software Development
1,5,7,3,5.4,74,Data,Business Analytics
2,8,2,6,6.1,64,Networking,Machine Learning
1,4,5,9,7.1,52,Business,Business Analytics
9,8,4,7,6.0,57,Security,Cybersecurity
7,3,2,5,9.8,76,Business,Software Development
10,8,4,2,10.0,98,Design,Machine Learning
9,1,6,4,6.9,87,Coding,Software Development
10,2,7,9,8.5,73,Networking,Cloud Engineering
3,4,1,3,7.0,48,Design,Machine Learning
3,5,9,7,5.7,54,Design,UI/UX Design
9,8,9,5,6.7,66,Management,Product Management
3,4,7,4,6.2,55,Business,Business Analytics
1,1,10,8,6.6,82,Management,Product Management
7,4,5,4,6.1,62,Security,Machine Learning
9,5,9,3,5.6,90,Business,Product Management
10,6,8,6,6.1,56,Coding,Software Development
10,7,6,8,9.5,70,Business,Business Analytics
2,3,2,9,5.4,83,Data,Software Development
8,7,6,7,6.6,52,Security,Cybersecurity
9,7,10,7,7.6,86,Design,Cybersecurity
7,8,10,8,6.8,75,Data,Business Analytics
9,6,5,3,7.6,79,AI/ML,Machine Learning
9,9,3,3,5.2,67,Design,Business Analytics
5,3,8,5,8.2,97,Security,Product Management
1,8,1,7,7.8,87,Networking,Cybersecurity
5,1,2,7,8.4,51,Management,Software Development
3,2,6,2,7.8,73,AI/ML,Product Management
2,9,10,8,7.2,95,Management,Product Management
2,5,4,4,6.8,57,Security,Business Analytics
7,7,5,9,6.1,72,Data,Data Science
6,7,4,8,7.5,86,Design,Software Development
6,7,5,10,5.1,56,Management,Software Development
8,3,1,7,6.6,71,Networking,Cloud Engineering
6,2,6,6,8.4,73,Coding,Software Development
7,1,6,2,5.5,50,Management,Product Management
1,9,4,4,5.3,50,AI/ML,Business Analytics
9,3,3,9,8.3,74,Data,Cybersecurity
5,6,8,4,7.0,50,Business,Business Analytics
2,5,2,1,9.0,97,Management,Machine Learning
9,2,1,3,9.7,71,Management,Software Development
8,5,1,6,9.8,83,Networking,Cybersecurity
1,1,9,7,7.1,64,Design,Cybersecurity
2,2,4,10,6.3,58,Networking,Cybersecurity
1,2,2,10,8.0,69,Networking,Cybersecurity
3,9,9,6,8.1,83,Management,Data Science
1,6,2,6,8.1,64,Business,Business Analytics
8,10,4,9,6.6,57,Management,Machine Learning
6,5,1,1,5.3,48,Data,Machine Learning
10,3,7,6,6.1,73,Management,Product Management
8,7,7,5,5.8,81,Design,UI/UX Design
7,10,8,8,5.6,72,Security,Cybersecurity
6,6,3,9,9.6,55,Networking,Cloud Engineering
1,1,4,7,5.1,55,Networking,Cybersecurity
1,4,10,7,8.0,63,Business,Business Analytics
7,10,9,7,9.7,61,Coding,Product Management
1,6,1,6,6.8,52,AI/ML,Machine Learning
1,10,7,3,7.6,97,Networking,Business Analytics
3,6,9,3,8.5,60,Management,Business Analytics
9,1,6,8,6.6,55,Management,Software Development
5,9,7,7,7.4,77,Data,Business Analytics
8,8,1,3,9.1,88,Business,Machine Learning
5,8,1,9,8.7,68,Design,Software Development
2,10,1,10,9.0,80,Security,Cybersecurity
4,2,2,7,9.9,45,AI/ML,Software Development
1,10,10,3,6.9,72,Management,Product Management
8,3,7,10,8.7,44,Security,Cybersecurity
2,10,8,3,8.0,48,Management,Business Analytics
4,2,3,5,8.3,76,AI/ML,Software Development
10,6,10,9,8.7,52,Management,Software Development
6,8,2,6,8.7,42,Design,Machine Learning
5,1,10,3,9.4,50,Design,UI/UX Design
6,1,1,1,6.7,87,Coding,Software Development
8,9,1,4,8.3,75,Networking,Machine Learning
3,1,1,7,6.4,63,Business,Software Development
7,7,8,8,8.0,99,Management,Product Management
9,10,3,3,8.8,63,Business,Product Management
6,7,5,2,9.0,93,Coding,Machine Learning
5,5,5,8,7.1,61,Management,Software Development
2,5,8,2,7.5,41,Coding,Business Analytics
3,7,4,1,6.7,46,Management,Business Analytics
10,6,1,5,5.8,56,Management,Machine Learning
6,6,4,6,6.3,51,Business,Machine Learning
4,2,3,3,9.6,49,Data,Software Development
5,7,8,3,6.5,63,Security,Business Analytics
6,8,8,3,9.9,99,Design,UI/UX Design
6,8,1,4,6.2,52,Data,Data Science
7,1,8,1,8.6,54,Coding,Product Management
3,8,1,1,7.9,100,Design,Machine Learning
7,8,7,4,8.5,52,Design,UI/UX Design
5,2,4,1,8.2,90,Design,Product Management
10,9,4,4,8.5,77,Management,Machine Learning
2,6,5,6,9.5,96,Security,Business Analytics
2,5,4,1,7.8,73,Design,Business Analytics
5,8,8,7,5.3,76,Networking,Software Development
6,6,10,7,6.4,53,Networking,Cloud Engineering
7,6,9,6,8.5,75,AI/ML,Machine Learning
5,4,5,7,7.5,80,Design,Software Development
10,10,6,9,7.7,100,Business,Business Analytics
5,10,5,1,8.0,45,Management,Machine Learning
2,2,8,2,6.9,49,Security,Product Management
2,8,6,4,8.9,41,Management,Business Analytics
10,1,5,7,8.6,88,Management,Product Management
2,4,5,9,8.6,45,Networking,Cybersecurity
10,10,4,10,8.6,95,Networking,Cloud Engineering
3,2,6,6,9.5,62,Design,UI/UX Design
1,4,7,5,8.0,57,Networking,UI/UX Design
4,3,5,5,9.8,99,Business,Product Management
7,8,9,1,5.6,83,Data,Business Analytics
5,5,9,5,8.2,73,Networking,Business Analytics
8,6,5,6,8.6,94,Management,Machine Learning
7,10,10,3,7.4,86,Coding,Business Analytics
5,6,2,8,6.4,78,Networking,Cloud Engineering
7,8,10,9,7.8,59,Design,Software Development
10,1,3,4,6.8,100,Management,Software Development
5,3,6,10,9.5,83,Design,UI/UX Design
2,10,3,2,6.8,97,AI/ML,Machine Learning
5,9,5,10,5.9,98,Business,Business Analytics
9,7,4,8,7.9,73,Management,Business Analytics
3,4,8,3,7.0,61,Business,Business Analytics
10,2,1,7,5.5,97,Business,Software Development
6,9,9,4,7.8,100,Coding,Business Analytics
7,8,10,8,7.7,47,Data,Business Analytics
4,3,6,2,5.9,78,Coding,Product Management
10,6,6,3,8.0,76,Business,Business Analytics
1,7,7,4,7.8,85,Data,Business Analytics
3,5,2,2,8.9,99,Management,Product Management
5,10,8,4,6.8,55,Coding,UI/UX Design
5,2,3,7,6.2,99,Business,Software Development
5,3,7,7,9.8,79,AI/ML,Software Development
2,1,4,6,7.8,45,Networking,Cloud Engineering
3,7,8,2,5.1,71,Management,Product Management
1,7,8,3,9.1,48,Business,Business Analytics
6,10,3,10,6.0,98,Business,Machine Learning
4,6,7,3,8.9,86,Networking,Business Analytics
6,2,5,2,8.5,95,Management,Product Management
6,5,3,5,9.8,76,Design,Machine Learning
8,1,6,1,9.8,64,Design,UI/UX Design
6,7,10,4,6.4,66,Security,Business Analytics
7,7,1,9,8.8,97,Data,Data Science
6,9,10,3,6.6,49,Design,UI/UX Design
7,4,9,8,8.1,93,Design,UI/UX Design
7,4,6,5,8.0,65,Design,UI/UX Design
4,1,7,4,5.3,76,Coding,Product Management
3,5,4,7,5.0,80,Networking,Cybersecurity
8,5,2,6,5.3,45,Security,Software Development
4,8,6,4,5.6,49,AI/ML,Machine Learning
6,8,9,3,6.3,49,Security,Business Analytics
2,2,3,10,9.5,87,Design,Software Development
5,3,8,2,7.6,44,Business,Business Analytics
6,6,8,10,9.0,77,AI/ML,Software Development
7,4,8,5,9.2,46,Security,Software Development
6,1,4,10,8.7,86,AI/ML,Software Development
4,9,4,4,7.0,99,Design,Machine Learning
10,8,5,6,9.3,65,Coding,Software Development
6,6,9,7,8.7,52,Management,Business Analytics
9,4,10,4,8.7,67,Coding,Software Development
8,9,5,3,9.5,82,Security,Machine Learning
6,1,10,6,8.0,84,Design,UI/UX Design
9,5,6,7,7.6,78,AI/ML,Machine Learning
2,9,4,3,9.5,75,Data,Business Analytics
10,10,1,8,7.3,78,Management,Machine Learning
9,3,7,7,9.1,53,Coding,Software Development
6,7,7,2,5.3,52,Management,UI/UX Design
8,2,10,10,5.0,96,Security,Software Development
6,2,8,1,7.6,75,Data,Business Analytics
3,4,1,7,5.4,92,Business,Software Development
8,9,6,5,9.9,78,AI/ML,Data Science
3,7,8,7,5.0,67,Networking,Cybersecurity
4,5,5,8,8.6,74,Security,Cybersecurity
6,3,5,7,6.2,82,Design,Software Development
9,2,9,7,9.8,51,Data,Software Development
4,3,7,9,6.9,68,Security,Cybersecurity
5,2,7,8,5.1,84,Business,Machine Learning
1,2,5,9,5.1,45,AI/ML,Software Development
2,7,3,5,7.8,44,Management,Business Analytics
1,2,6,3,9.9,49,Design,UI/UX Design
1,1,10,3,9.9,76,Design,UI/UX Design
9,6,7,7,6.7,54,Design,UI/UX Design
9,3,8,6,7.4,66,Security,Software Development
9,5,2,1,5.5,48,Security,Machine Learning
1,2,10,3,7.6,55,Data,Business Analytics
1,3,3,10,8.0,41,Security,Cybersecurity
3,5,10,8,6.3,89,Business,Product Management
6,7,5,8,8.1,68,Data,Data Science
4,5,10,2,9.5,50,Management,Business Analytics
5,6,9,1,5.0,72,Coding,Business Analytics
2,6,8,3,6.1,96,Design,UI/UX Design
8,3,10,9,6.0,90,Data,Software Development
4,3,7,6,5.6,93,Design,UI/UX Design
1,5,9,8,5.8,64,Management,Product Management
8,1,2,5,8.1,61,Networking,Cloud Engineering
10,7,1,5,5.5,59,Coding,Machine Learning
1,7,6,7,8.7,58,Coding,Business Analytics
5,4,9,10,9.4,96,Security,Cybersecurity
9,4,8,5,9.6,48,Data,Business Analytics
8,4,6,6,8.3,91,Design,UI/UX Design
9,7,6,10,6.0,95,Networking,Cloud Engineering
5,8,7,4,5.4,91,Networking,Business Analytics
4,2,9,9,6.2,78,Management,Product Management
8,5,9,6,9.8,92,Data,Business Analytics
2,1,2,9,9.8,41,Management,Software Development
3,5,6,5,6.9,89,Security,Business Analytics
7,3,4,7,6.6,71,Security,Cybersecurity
7,4,8,4,7.6,98,Design,UI/UX Design
2,5,6,7,6.5,45,Coding,Software Development
6,4,10,4,9.9,96,Data,Business Analytics
4,4,5,7,6.1,74,Data,Software Development
6,8,7,8,6.8,46,Design,UI/UX Design
10,9,2,5,7.1,71,AI/ML,Data Science
1,1,10,5,5.6,42,Management,Product Management
10,4,2,4,6.9,45,Security,Machine Learning
5,9,4,8,9.3,72,Business,Business Analytics
8,6,9,6,5.7,89,Networking,Cloud Engineering
5,3,10,6,7.9,46,AI/ML,Business Analytics
4,6,5,1,7.0,56,Management,Business Analytics
8,2,5,2,5.9,63,Coding,Data Science
7,1,1,1,5.1,73,Networking,Cloud Engineering
2,7,10,9,6.4,40,Networking,Cybersecurity
8,6,1,9,5.3,78,Business,Software Development
8,8,1,1,6.9,70,Data,Data Science
4,4,5,1,9.1,98,Management,Machine Learning
10,9,1,8,8.6,58,Security,Cybersecurity
7,5,2,6,9.7,70,Design,Data Science
4,8,7,4,7.1,44,Coding,Business Analytics
1,2,8,7,8.5,95,Security,Machine Learning
7,1,3,3,8.3,90,Business,Software Development
3,8,8,2,6.1,61,Management,Business Analytics
8,9,7,4,6.5,68,Networking,Machine Learning
6,10,3,9,7.6,92,Design,Machine Learning
5,4,8,8,9.0,58,Networking,Cybersecurity
2,1,6,2,7.3,54,Networking,Product Management
8,10,9,6,6.1,54,Coding,Software Development
2,7,2,9,10.0,83,Design,Software Development
5,3,3,10,5.6,52,Networking,Cybersecurity
9,8,4,8,9.8,45,Security,Cybersecurity
10,10,4,2,9.0,50,Networking,Machine Learning
10,3,9,3,9.2,100,Management,Product Management
10,8,8,3,9.0,93,Business,Business Analytics
6,8,6,2,6.0,98,Business,Business Analytics
3,6,6,2,8.2,56,AI/ML,Product Management
9,7,9,4,8.8,66,Data,Business Analytics
9,3,5,6,8.7,69,AI/ML,Software Development
10,10,3,4,6.4,71,Business,Machine Learning
7,10,2,5,5.9,41,Management,Machine Learning
2,10,4,3,6.6,76,Design,Business Analytics
6,8,7,2,7.4,42,Design,UI/UX Design
5,1,5,10,7.9,56,Security,Cybersecurity
9,4,5,6,9.2,57,Security,Software Development
4,5,5,3,8.8,81,Management,Product Management
4,10,10,9,8.4,94,Data,Business Analytics
1,6,10,9,6.3,82,Networking,UI/UX Design
9,6,2,10,7.4,66,Coding,Software Development
8,2,2,2,6.7,72,Business,Machine Learning
1,8,3,7,6.2,71,Data,Business Analytics
5,4,9,10,5.1,49,Business,Software Development
5,1,5,9,6.7,98,Data,Software Development
5,10,9,3,6.3,96,Coding,Business Analytics
10,2,7,9,7.9,54,AI/ML,Software Development
2,1,6,5,5.3,47,Business,Product Management
4,1,3,5,6.4,50,Coding,Software Development
2,5,4,6,5.2,78,Security,Business Analytics
3,2,2,8,8.2,41,Networking,Cybersecurity
10,9,6,2,7.8,46,Networking,Machine Learning
10,6,3,6,6.7,79,Networking,Cloud Engineering
1,4,3,9,5.7,48,Business,Software Development
7,1,1,6,9.8,44,Management,Software Development
3,5,8,3,7.9,41,Data,Business Analytics
2,2,10,1,8.4,83,Coding,Product Management
3,10,5,6,7.7,62,Coding,Business Analytics
2,3,6,8,9.0,57,AI/ML,Software Development
5,5,10,6,9.5,79,Business,Product Management
10,1,6,10,6.9,50,Data,Software Development
6,2,7,7,8.5,71,Management,Product Management
8,3,5,6,6.1,69,Networking,Cloud Engineering
5,1,6,1,8.3,81,AI/ML,Product Management
1,8,6,6,7.0,78,AI/ML,Product Management
1,10,8,2,5.0,81,Networking,Cloud Engineering
3,10,7,8,9.8,53,Business,Product Management
3,3,6,2,9.3,48,Design,UI/UX Design
9,8,1,10,6.5,72,AI/ML,Data Science
9,6,10,4,10.0,43,Coding,Business Analytics
9,1,9,5,6.6,67,Design,UI/UX Design
7,1,2,2,7.3,78,Business,Software Development
6,6,3,3,9.3,90,Business,Software Development
7,5,10,10,6.5,79,Coding,Software Development
5,1,4,3,7.3,100,AI/ML,Product Management
7,10,9,6,8.3,73,Business,Business Analytics
8,8,8,10,5.7,67,Business,Cloud Engineering
8,6,9,7,7.1,54,Management,Software Development
7,10,1,1,6.5,81,Management,Machine Learning
1,10,5,4,8.4,89,Networking,Business Analytics
8,10,6,4,5.7,59,Business,Business Analytics
4,3,9,3,6.2,44,Networking,Business Analytics
8,9,3,3,8.6,40,Design,Machine Learning
6,6,4,6,5.8,78,Networking,Cloud Engineering
9,8,2,4,7.1,80,Security,Machine Learning
4,9,8,3,8.6,47,Management,Business Analytics
10,2,10,5,8.8,41,Networking,Cloud Engineering
9,5,2,4,5.5,79,AI/ML,Machine Learning
4,2,3,3,9.3,64,AI/ML,Machine Learning
5,3,4,5,8.6,65,Security,Software Development
6,5,9,10,6.7,56,Networking,Machine Learning
8,9,5,6,8.8,83,Business,Machine Learning
7,9,3,6,8.6,85,Design,Software Development
9,4,4,10,8.0,43,Management,Software Development
4,4,6,7,7.8,45,Networking,Cybersecurity
6,6,4,3,8.7,73,Business,Cloud Engineering
5,10,2,4,10.0,76,Security,Machine Learning
10,10,9,5,7.9,48,AI/ML,Data Science
4,3,5,5,9.0,49,Security,Software Development
6,2,3,2,8.7,81,Design,Machine Learning
2,8,8,2,9.3,67,AI/ML,Business Analytics
9,4,8,4,9.8,47,Coding,Software Development
4,2,2,10,6.0,77,Data,Software Development
4,1,1,8,5.8,44,Security,Cybersecurity
6,5,1,9,7.9,54,Coding,Product Management
5,4,8,2,7.2,83,Data,Business Analytics
9,6,7,5,7.9,53,Management,Machine Learning
6,3,8,6,9.0,43,Data,Business Analytics
6,8,7,5,9.7,98,Data,Business Analytics
2,7,5,5,7.1,53,Coding,Business Analytics
1,5,6,4,8.6,71,Data,Business Analytics
4,2,8,1,6.0,90,Data,Product Management
10,6,4,9,7.7,100,AI/ML,Software Development
10,7,10,10,5.1,89,Business,Business Analytics
7,4,9,1,7.5,60,Management,Product Management
7,3,9,5,7.7,92,Management,Product Management
4,6,10,6,8.7,40,Coding,Business Analytics
2,4,4,8,8.2,59,Data,Software Development
1,5,2,10,6.8,52,Design,Software Development
4,4,5,5,5.0,72,Design,Software Development
4,4,8,8,5.6,94,Design,UI/UX Design
2,8,8,10,9.9,87,Security,Cybersecurity
3,5,4,9,9.6,100,Networking,Product Management
1,5,3,3,6.6,48,Design,Business Analytics
7,7,5,9,6.3,85,Data,Data Science
10,4,9,5,7.2,84,Design,UI/UX Design
7,2,1,1,8.4,67,Management,Machine Learning
5,9,4,8,6.8,45,Coding,Software Development
5,1,3,9,5.3,46,Management,Business Analytics
4,6,9,4,7.0,95,Data,Business Analytics
2,3,5,5,6.3,58,Management,Product Management
6,3,1,4,6.6,78,Business,Software Development
6,1,3,2,5.8,97,Networking,Cloud Engineering
1,10,1,10,8.3,70,AI/ML,Machine Learning
5,5,5,1,7.6,52,Management,Machine Learning
3,4,10,6,6.4,69,Security,Business Analytics
2,8,6,1,7.8,53,Business,Business Analytics
8,1,9,7,7.5,51,AI/ML,Software Development
6,6,8,10,9.0,89,Data,Business Analytics
7,5,9,7,9.8,61,Data,Business Analytics
8,6,4,7,5.7,81,Design,Software Development
10,2,10,9,9.4,84,Coding,Software Development
9,10,3,10,8.5,73,Management,Machine Learning
7,3,5,9,8.5,72,Networking,Cloud Engineering
9,7,7,3,6.9,51,Data,Data Science
5,8,3,6,6.7,72,Security,Machine Learning
10,4,3,9,5.0,85,Design,Software Development
8,2,2,3,9.9,51,AI/ML,Machine Learning
7,3,1,7,8.0,54,Management,Software Development
10,9,6,1,7.0,82,Data,Data Science
6,10,10,9,7.7,99,Management,Product Management
8,10,3,7,5.2,63,Design,Machine Learning
3,3,5,8,5.9,90,Management,Product Management
10,7,10,9,8.1,51,Security,Cybersecurity
7,2,8,3,7.6,74,Coding,Cybersecurity
8,8,1,5,8.9,97,Coding,Machine Learning
5,5,6,9,8.3,66,Coding,Software Development
9,8,2,2,8.0,70,Security,Business Analytics
1,7,3,9,9.1,49,Coding,Software Development
2,10,3,3,5.3,72,Networking,Business Analytics
6,5,7,6,8.5,75,Security,Software Development
8,4,2,6,8.6,99,Networking,Cloud Engineering
9,6,3,7,6.4,52,AI/ML,Machine Learning
5,2,3,9,6.0,62,Business,Software Development
7,2,4,4,6.1,79,AI/ML,Machine Learning
6,6,7,2,6.0,97,Networking,Business Analytics
10,9,4,5,7.6,54,Data,Data Science
7,6,4,7,5.7,82,Design,Software Development
5,8,6,8,8.3,93,Data,UI/UX Design
10,2,7,8,5.5,78,AI/ML,Software Development
2,5,1,4,5.1,66,Security,Data Science
10,7,9,10,6.6,54,Networking,Cloud Engineering
2,4,10,1,6.0,57,Business,Business Analytics
3,1,7,2,9.9,43,Data,Business Analytics
9,1,6,1,6.5,49,Coding,Cloud Engineering
8,10,7,10,6.1,66,Networking,Cloud Engineering
10,7,5,2,6.0,48,Networking,Data Science
8,3,4,7,6.9,40,Coding,UI/UX Design
7,3,4,9,8.0,82,Management,Product Management
4,1,2,8,8.9,44,Business,Software Development
1,10,9,10,6.8,48,AI/ML,Business Analytics
2,2,4,1,8.1,76,Networking,Product Management
3,8,3,5,7.4,96,Management,Machine Learning
1,3,10,6,9.2,84,Data,Business Analytics
6,4,6,7,7.8,41,Data,UI/UX Design
8,3,7,7,6.4,50,Management,Software Development
10,9,3,6,8.5,85,AI/ML,Data Science
5,1,3,4,9.1,84,Design,UI/UX Design
9,4,8,2,7.3,63,Business,Business Analytics
10,3,5,5,9.9,97,Data,Machine Learning
9,3,2,3,9.4,94,Security,Machine Learning
5,2,9,6,6.0,85,AI/ML,Product Management
4,10,5,8,8.9,85,Coding,Business Analytics
10,4,7,6,8.0,87,Management,Product Management
3,5,4,6,7.7,49,Networking,Cloud Engineering
5,4,6,1,7.6,82,Business,Product Management
1,10,8,7,9.3,97,Coding,Business Analytics
8,4,9,5,8.1,53,Business,Business Analytics
7,4,3,2,7.7,40,AI/ML,Cloud Engineering
1,4,7,3,5.2,62,Coding,Product Management
3,4,10,8,7.2,56,Coding,Business Analytics
6,1,7,10,9.5,97,AI/ML,Software Development
6,7,2,6,8.6,67,Management,Machine Learning
9,1,2,10,5.3,80,Security,Cybersecurity
3,3,3,2,9.4,99,Management,Product Management
10,3,2,3,9.1,88,Coding,Software Development
5,3,8,10,7.7,85,Business,Product Management
9,8,10,2,5.1,99,Business,Business Analytics
3,6,6,7,7.8,82,Design,UI/UX Design
1,10,6,3,5.3,54,Coding,Business Analytics
1,4,8,4,6.6,84,Coding,Product Management
4,10,5,5,8.1,59,Management,Business Analytics
10,1,5,4,9.6,60,Business,Software Development
1,6,6,9,6.8,79,Security,Cybersecurity
4,8,4,10,9.3,59,Coding,Software Development
2,6,1,6,9.6,41,Management,Machine Learning
10,10,6,6,5.1,100,Data,Data Science
7,4,9,1,6.2,74,Security,Business Analytics
8,1,1,3,8.5,80,Design,Software Development
8,8,3,1,8.8,89,Management,Machine Learning
7,1,3,9,7.0,78,Business,Software Development
8,8,9,3,8.3,77,Networking,Business Analytics
1,8,6,4,8.1,88,AI/ML,Business Analytics
9,9,6,9,8.7,58,Coding,Software Development
8,5,7,8,8.6,90,Security,Cybersecurity
8,9,3,7,5.4,84,Business,Machine Learning
4,2,8,1,5.8,51,AI/ML,Product Management
9,5,1,6,5.7,48,Business,Software Development
4,2,2,6,9.7,93,Business,Software Development
1,8,9,4,9.6,94,Data,Business Analytics
10,8,7,8,9.0,100,AI/ML,Data Science
3,9,2,10,5.6,46,AI/ML,Machine Learning
2,8,5,3,7.9,94,Data,Business Analytics
7,4,1,4,5.9,92,Coding,Software Development
3,1,7,4,6.8,86,Networking,Product Management
9,10,8,9,6.3,70,Data,Data Science
5,5,3,1,9.1,71,Design,Machine Learning
1,1,4,9,5.7,66,AI/ML,Software Development
10,10,3,8,8.2,41,Data,Data Science
6,10,4,5,9.9,70,AI/ML,Data Science
3,5,3,6,8.4,54,Coding,Software Development
7,8,3,9,5.4,52,AI/ML,Data Science
6,1,5,8,9.5,43,Design,Software Development
1,1,9,3,8.2,67,Data,Product Management
8,3,8,1,7.3,42,Data,Machine Learning
5,7,3,7,8.3,91,Coding,Software Development
7,2,10,2,9.4,94,Business,Product Management
9,1,3,1,7.4,88,Coding,Software Development
7,7,10,10,7.7,58,Business,Business Analytics
7,8,4,5,7.3,49,Coding,Machine Learning
3,8,6,7,5.4,70,Data,Business Analytics
3,8,3,3,8.9,81,Security,Machine Learning
5,9,8,2,5.6,41,Security,Software Development
9,7,4,1,7.0,92,Coding,Software Development
6,6,9,4,6.9,66,AI/ML,Business Analytics
4,9,1,1,6.4,90,AI/ML,Business Analytics
8,4,6,5,7.0,44,Security,Software Development
9,1,2,4,8.1,65,Management,Software Development
10,8,9,6,6.6,67,Coding,Cybersecurity
3,3,5,6,5.9,42,Management,Product Management
8,10,7,4,9.3,83,Design,UI/UX Design
6,5,9,5,9.9,96,Coding,Business Analytics
5,9,6,1,7.3,72,Business,Business Analytics
4,1,1,4,6.6,64,Business,Software Development
2,7,3,10,5.2,78,Security,Cybersecurity
3,5,3,10,5.2,62,Coding,Software Development
6,5,10,5,7.0,61,Coding,Business Analytics
9,3,10,10,9.7,86,Data,Software Development
9,10,5,6,8.7,76,Business,Machine Learning
2,4,9,2,6.7,56,Business,Business Analytics
7,9,3,9,9.8,64,Security,Cybersecurity
1,5,7,5,7.1,90,Management,Product Management
7,1,4,7,6.4,72,Design,Cloud Engineering
4,9,3,7,7.1,44,Security,Cybersecurity
5,2,3,4,6.1,92,Security,Software Development
8,3,5,8,9.4,85,Design,Software Development
5,9,4,6,6.8,56,Security,Machine Learning
9,9,3,4,8.3,98,AI/ML,Data Science
6,10,4,3,6.9,98,AI/ML,Data Science
10,5,2,8,9.5,100,Management,Software Development
7,8,10,3,8.2,63,Coding,Business Analytics
3,4,4,2,7.4,96,Data,Business Analytics
8,8,2,9,5.7,89,Networking,Data Science
5,6,6,4,9.5,93,Security,Business Analytics
6,1,9,7,7.7,73,Data,Software Development
2,5,4,8,6.4,57,AI/ML,Software Development
2,5,9,9,9.4,53,Business,Business Analytics
6,3,7,7,5.3,98,Data,Software Development
2,4,8,8,6.6,70,Management,Product Management
10,6,3,9,7.7,96,Security,Cybersecurity
9,1,1,10,6.7,73,Management,Software Development
8,2,4,1,7.4,72,Management,Machine Learning
8,8,10,8,6.3,44,Management,Business Analytics
6,4,8,2,5.7,64,Design,UI/UX Design
1,7,8,9,5.2,73,Business,Business Analytics
4,6,9,1,5.8,46,Design,UI/UX Design
5,6,4,3,9.8,49,Security,Machine Learning
10,5,4,2,7.9,76,Networking,Machine Learning
3,5,10,7,7.4,55,Security,Cybersecurity
5,9,6,1,6.9,82,Data,Business Analytics
4,10,3,1,8.5,68,Coding,Machine Learning
2,3,3,6,5.7,64,Management,Product Management
2,7,9,10,6.4,47,Security,Cybersecurity
4,10,1,6,8.3,64,Design,Machine Learning
1,1,1,5,7.4,73,Coding,Software Development
1,8,8,7,8.9,74,Coding,Business Analytics
4,5,1,6,9.5,56,Security,Software Development
3,10,2,4,9.1,41,AI/ML,Machine Learning
6,6,10,6,5.9,97,Networking,Cloud Engineering
1,9,5,1,5.5,98,Design,Business Analytics
4,2,8,3,5.8,95,Coding,Cybersecurity
5,2,5,7,8.9,57,Security,Cybersecurity
10,10,1,4,9.6,76,Design,Machine Learning
7,6,2,1,9.6,48,AI/ML,Machine Learning
9,6,8,2,6.5,95,Business,Product Management
4,2,1,9,9.2,40,Networking,Software Development
5,3,6,4,7.7,68,Coding,Software Development
5,9,4,1,9.1,92,Management,Machine Learning
9,4,4,8,7.7,84,Business,Software Development
10,6,10,6,5.7,92,Design,UI/UX Design
10,4,7,5,5.4,70,Design,UI/UX Design
8,3,7,9,9.8,45,Coding,Software Development
6,2,4,4,7.1,40,Design,Software Development
6,10,4,6,6.8,49,Business,Machine Learning
10,10,7,8,6.8,43,AI/ML,Data Science
3,2,1,7,6.9,67,Networking,Cybersecurity
4,4,3,3,9.7,43,Design,Machine Learning
9,6,7,7,5.3,51,AI/ML,Machine Learning
4,4,7,8,5.6,65,Security,Cybersecurity
3,8,1,2,8.9,84,Data,Machine Learning
6,3,8,2,7.7,81,Business,Product Management
4,1,6,7,5.6,43,Design,UI/UX Design
9,4,3,2,5.2,95,Business,Machine Learning
10,6,8,9,6.1,73,Data,Business Analytics
4,2,10,2,6.3,61,Coding,Product Management
6,9,5,10,5.1,63,Design,Software Development
10,1,3,7,6.1,91,AI/ML,Software Development
8,1,3,5,8.7,68,AI/ML,Software Development
3,6,6,3,9.3,54,Business,Business Analytics
6,6,1,4,9.5,65,Coding,Machine Learning
7,3,5,8,6.9,44,Networking,Cloud Engineering
7,3,1,8,6.6,49,Coding,Software Development
1,1,1,3,10.0,59,Coding,Software Development
3,7,5,6,8.8,53,AI/ML,Cybersecurity
9,4,8,10,7.7,61,Management,Software Development
3,2,9,3,6.3,43,Data,Business Analytics
3,4,1,7,6.6,77,Coding,Cloud Engineering
4,10,3,2,7.6,47,AI/ML,Machine Learning
2,3,5,9,7.7,53,Security,Cybersecurity
2,9,6,2,5.1,99,Data,Business Analytics
4,3,10,3,9.8,40,Management,Product Management
9,2,7,5,7.9,57,Coding,Software Development
1,3,6,4,7.9,70,Business,Product Management
3,4,1,2,6.1,58,AI/ML,Machine Learning
1,2,1,7,8.8,59,Networking,Cybersecurity
6,6,2,1,8.7,47,Coding,Cloud Engineering
3,4,7,10,5.5,65,AI/ML,Software Development
8,8,4,1,8.0,86,Design,Business Analytics
6,5,3,4,8.3,75,Management,Machine Learning
8,5,7,10,9.2,96,Data,Software Development
7,5,9,2,6.0,82,Security,Product Management
5,2,5,1,9.4,88,Security,Product Management
9,8,9,8,7.3,66,Management,UI/UX Design
5,2,8,1,5.5,77,Coding,Product Management
10,8,8,9,5.5,75,Business,Business Analytics
10,10,9,5,6.0,89,Design,UI/UX Design
6,8,2,9,6.4,70,Security,Cybersecurity
7,5,8,3,7.5,64,Security,Business Analytics
3,4,10,2,8.7,44,Data,Business Analytics
9,9,10,10,5.9,92,Business,Software Development
7,3,6,8,10.0,66,Business,Software Development
10,5,8,10,5.8,88,AI/ML,Software Development
3,8,9,4,8.0,81,Business,UI/UX Design
8,10,9,5,9.6,40,Coding,Business Analytics
5,10,9,6,9.2,79,Management,Product Management
2,1,9,5,8.2,69,AI/ML,Product Management
2,9,4,3,8.6,54,Business,Machine Learning
6,2,8,4,5.7,56,Management,Product Management
4,6,5,7,5.0,78,Management,Software Development
2,10,9,1,7.2,45,Networking,Machine Learning
5,7,9,4,5.4,76,Networking,Business Analytics
7,10,10,3,6.8,91,Design,UI/UX Design
4,4,6,1,6.1,45,Security,Business Analytics
10,4,5,2,9.6,40,Security,Machine Learning
8,4,2,5,9.4,43,Design,Software Development
6,4,7,2,9.1,84,Business,Cybersecurity
10,7,6,4,8.6,91,Business,Cloud Engineering
5,5,6,6,5.8,100,Data,Business Analytics
2,8,7,9,5.2,41,Security,Cybersecurity
1,5,9,1,8.3,69,AI/ML,Business Analytics
10,4,2,5,8.2,42,Security,Software Development
10,2,5,2,6.8,62,Networking,Cloud Engineering
8,6,8,5,7.4,58,Coding,Software Development
2,9,9,5,7.4,76,AI/ML,Business Analytics
3,9,8,8,6.2,95,Business,Business Analytics
1,3,8,5,6.6,89,Coding,Product Management
1,5,9,10,7.1,43,AI/ML,Business Analytics
3,8,10,2,8.0,54,Business,Software Development
6,7,7,1,9.8,56,Security,Business Analytics
1,1,3,1,7.7,55,Data,Business Analytics
10,6,6,4,8.7,61,Coding,Cloud Engineering
5,1,8,2,9.0,77,Data,Product Management
3,2,2,1,5.6,85,Networking,Product Management
6,7,8,3,8.3,97,Data,Business Analytics
8,2,6,10,7.4,82,Coding,Software Development
4,4,10,9,7.9,58,AI/ML,Business Analytics
1,6,3,1,5.2,51,Business,Business Analytics
1,7,10,10,9.5,62,Management,Business Analytics
9,5,5,3,9.8,88,Design,Machine Learning
2,1,6,5,5.0,100,AI/ML,Product Management
7,8,7,4,6.1,63,Management,Machine Learning
4,10,6,5,5.9,50,Security,Business Analytics
8,9,10,8,8.9,40,Design,UI/UX Design
1,8,2,8,8.0,44,Data,Business Analytics
9,5,8,6,5.9,78,Coding,Cybersecurity
7,9,10,7,9.1,75,Design,UI/UX Design
5,5,3,8,6.8,79,Management,Software Development
3,2,3,2,7.3,41,Networking,Cloud Engineering
10,9,5,4,6.9,66,AI/ML,Data Science
4,4,8,2,7.6,51,Security,Business Analytics
5,10,10,8,7.4,60,Data,Cybersecurity
4,4,8,5,6.4,77,Data,Business Analytics
3,9,8,7,7.1,56,Data,Business Analytics
5,6,5,6,9.5,80,Coding,Software Development
2,5,7,3,7.5,57,AI/ML,Business Analytics
1,3,3,2,9.6,71,Security,Product Management
3,9,5,10,7.8,68,Security,Cybersecurity
2,1,2,3,8.8,63,AI/ML,Product Management
5,5,1,2,6.5,47,Design,Machine Learning
9,4,9,4,9.0,75,Design,UI/UX Design
2,6,9,10,6.3,100,Business,Product Management
1,3,6,3,5.1,79,Data,Business Analytics
2,7,1,10,5.8,85,Management,Software Development
6,4,1,5,5.1,89,Security,Software Development
3,2,2,9,9.7,42,Coding,Software Development
5,2,8,7,10.0,88,Networking,Cybersecurity
1,7,3,1,8.8,54,Management,Business Analytics
4,3,3,6,5.5,80,Coding,Software Development
5,4,9,5,9.5,100,Security,Product Management
5,7,9,3,8.7,94,Networking,Business Analytics
6,4,8,6,6.7,65,Design,UI/UX Design
8,4,4,2,7.5,91,Business,Machine Learning
5,3,6,7,8.3,77,Management,Software Development
9,4,3,9,5.1,48,Design,Software Development
6,7,9,1,7.5,54,Design,UI/UX Design
3,6,1,5,8.7,98,Networking,Cloud Engineering
3,10,8,7,5.9,95,AI/ML,Business Analytics
4,8,6,1,7.2,94,Security,Business Analytics
6,1,8,4,7.7,63,Business,Product Management
3,4,5,3,8.7,59,Coding,Business Analytics
10,3,2,1,9.8,89,Security,Machine Learning
5,6,8,9,9.2,41,Coding,Software Development
9,3,7,5,8.1,94,Data,Data Science
7,10,5,8,7.9,76,Networking,Cloud Engineering
4,3,4,6,8.0,78,Security,Software Development
3,6,4,9,7.7,66,AI/ML,Software Development
8,2,5,10,5.3,99,Security,Cybersecurity
4,10,3,7,8.5,85,Coding,Machine Learning
3,10,3,4,8.6,43,Security,Machine Learning
10,8,3,5,7.6,72,Business,Machine Learning
5,4,1,9,9.4,92,AI/ML,Software Development
1,1,10,5,8.4,44,Networking,Product Management
5,8,3,6,6.8,84,AI/ML,Machine Learning
5,5,2,2,5.1,54,Business,Machine Learning
9,10,2,10,5.3,70,Data,Data Science
8,7,10,7,6.8,93,Design,UI/UX Design
2,6,5,4,7.3,70,Data,Business Analytics
2,10,4,6,5.8,42,Management,Business Analytics
7,9,5,5,5.9,41,Networking,Machine Learning
1,5,1,2,6.2,84,Design,Machine Learning
4,1,4,9,8.9,96,AI/ML,Software Development
2,1,3,9,8.9,57,Business,Software Development
1,5,9,9,6.9,97,Data,UI/UX Design
10,6,1,4,5.9,67,AI/ML,Machine Learning
1,1,5,3,5.6,43,Business,Product Management
1,2,8,1,5.4,72,Coding,Product Management
10,8,9,8,7.0,99,Security,Cybersecurity
2,8,6,4,5.2,55,Design,UI/UX Design
9,1,3,9,6.7,98,Data,Software Development
1,6,4,9,9.8,79,Data,Business Analytics
2,1,3,2,7.5,64,Coding,Product Management
2,8,7,10,9.1,82,AI/ML,Business Analytics
8,9,3,2,5.6,64,Networking,Cybersecurity
7,9,7,5,6.3,45,Coding,Machine Learning
5,6,7,5,9.7,93,Business,UI/UX Design
3,7,10,10,6.9,62,Business,Business Analytics
1,10,4,7,8.2,74,Security,Cybersecurity
6,7,10,9,9.9,85,Business,Business Analytics
3,5,5,6,7.8,45,Coding,Cybersecurity
6,8,7,9,6.5,84,Management,Product Management
7,6,7,9,7.7,62,AI/ML,Software Development
9,9,9,9,5.3,73,Coding,Software Development
5,6,5,5,5.6,67,Business,Business Analytics
1,9,8,4,5.0,87,AI/ML,Data Science
3,1,4,10,9.4,51,Management,Software Development
9,1,5,8,8.4,46,Business,Software Development
6,1,5,10,6.5,65,Security,Cybersecurity
7,6,8,6,6.1,47,Coding,Software Development
5,8,7,10,8.4,54,Design,UI/UX Design
2,3,1,8,9.6,80,Coding,Software Development
9,2,9,8,6.5,89,Coding,Software Development
8,9,8,2,6.6,82,Networking,Machine Learning
10,8,2,6,9.3,59,Security,Machine Learning
9,7,10,8,9.5,89,Business,Business Analytics
3,5,7,8,9.6,64,Security,Cybersecurity
3,5,1,10,6.5,51,AI/ML,Software Development
3,1,5,4,5.6,86,Business,Product Management
10,2,9,4,7.2,71,Design,UI/UX Design
6,9,3,10,6.5,62,Networking,Cloud Engineering
5,4,10,10,9.4,80,Design,UI/UX Design
10,8,5,2,5.2,84,Data,Data Science
7,8,3,4,8.2,53,AI/ML,Data Science
10,4,4,10,9.5,47,Data,UI/UX Design
10,3,6,2,9.9,71,Security,Machine Learning
1,7,7,8,8.3,43,Security,Cybersecurity
4,1,10,2,9.7,78,Business,Product Management
8,5,2,2,5.4,66,Business,Machine Learning
9,9,10,8,6.8,53,Management,Business Analytics
2,8,6,7,5.0,76,Security,Cybersecurity
4,8,2,6,9.9,62,Management,Machine Learning
6,1,10,9,9.5,63,Management,Product Management
8,2,4,4,5.1,53,Networking,Cloud Engineering
2,3,7,6,5.1,81,Coding,Product Management
7,3,7,7,6.8,95,Coding,Software Development
3,2,1,8,6.3,77,Business,Software Development
3,10,3,4,9.2,54,Security,Cybersecurity
6,2,7,7,5.8,90,Business,Product Management
5,8,4,5,9.0,47,Business,Business Analytics
7,6,1,6,7.8,57,Security,Machine Learning
4,7,1,9,6.9,42,Coding,Software Development
9,3,9,4,5.7,91,Data,Product Management
1,4,2,7,10.0,42,Design,Software Development
9,7,2,10,8.1,73,Management,Software Development
1,3,6,8,7.2,51,Networking,Cybersecurity
8,7,2,10,6.9,52,Design,Software Development
4,1,7,6,9.5,77,Security,Product Management
4,1,6,3,9.1,89,Management,Business Analytics
1,8,7,10,9.1,41,Data,Business Analytics
8,7,5,7,8.1,49,Data,Data Science
2,1,8,3,9.4,57,Management,Product Management
7,9,7,4,6.5,97,Management,Product Management
8,1,5,3,8.5,43,Data,Machine Learning
9,10,1,9,7.0,50,Business,Machine Learning
8,8,3,1,8.0,64,Data,Data Science
4,10,2,8,10.0,59,Coding,Machine Learning
8,10,1,6,9.9,42,Design,Cloud Engineering
9,4,3,1,7.6,72,Networking,Machine Learning
4,8,3,7,7.9,77,Management,Machine Learning
2,3,1,8,9.5,50,Design,Software Development
9,5,4,8,9.9,81,Management,Software Development
2,3,6,6,8.9,43,Security,Data Science
6,5,2,4,5.3,84,Security,Machine Learning
3,9,3,2,6.6,55,Coding,Machine Learning
2,5,1,1,9.5,53,Security,Machine Learning
8,1,1,4,8.8,51,Business,Software Development
2,4,2,7,8.7,92,Design,Software Development
7,8,5,1,8.3,70,Networking,Machine Learning
7,6,7,10,7.1,82,Business,Business Analytics
1,6,8,6,7.0,52,Management,Business Analytics
2,5,7,3,9.0,43,Management,Business Analytics
8,3,7,10,6.5,42,Design,UI/UX Design
6,6,10,2,8.4,66,AI/ML,Business Analytics
2,7,3,10,8.6,59,Coding,Software Development
10,9,8,3,9.2,86,Coding,Machine Learning
3,7,10,4,6.6,88,Management,Product Management
1,10,6,5,8.7,58,Networking,Business Analytics
10,9,9,10,5.5,66,AI/ML,Data Science
1,1,2,3,5.7,63,Design,Cybersecurity
6,4,9,10,7.1,81,Management,Product Management
10,4,6,4,5.3,78,Design,Software Development
6,1,3,3,9.7,79,Networking,Cloud Engineering
6,2,1,7,9.5,43,Coding,Software Development
4,8,8,7,5.2,60,Management,Business Analytics
2,4,5,4,9.2,98,AI/ML,Product Management
6,2,4,2,7.5,60,Management,Product Management
9,3,4,4,8.5,50,Coding,Software Development
1,3,10,6,9.4,52,Coding,Business Analytics
9,2,5,1,7.9,41,Business,Machine Learning
5,2,1,1,5.6,87,AI/ML,Machine Learning
6,8,3,10,5.0,40,AI/ML,Data Science
2,9,2,1,7.5,76,Coding,Cybersecurity
7,5,7,5,9.7,64,Data,Machine Learning
2,7,9,8,7.9,45,Security,Cybersecurity
3,10,9,4,6.9,93,Coding,Business Analytics
8,9,7,5,5.2,85,Data,Data Science
1,1,8,1,9.6,90,Business,Product Management
5,10,5,8,6.6,97,Networking,Cybersecurity
6,1,7,7,8.5,95,Business,Product Management
2,1,2,9,8.5,82,Management,Software Development
3,5,6,9,6.3,72,Design,UI/UX Design
4,8,6,4,5.3,82,Design,UI/UX Design
7,1,1,1,6.9,67,Security,Machine Learning
10,3,6,4,6.6,51,Data,Machine Learning
9,3,8,2,8.5,63,Coding,Software Development
2,4,4,6,9.1,68,Coding,Software Development
1,10,6,2,6.1,42,Business,Machine Learning
1,4,3,10,7.6,91,AI/ML,Software Development
6,3,3,7,5.2,95,Data,Software Development
2,2,2,3,6.1,65,Networking,Cloud Engineering
3,2,4,10,8.8,70,AI/ML,Software Development
9,2,9,8,9.0,91,Networking,Machine Learning
9,6,10,5,8.9,67,Security,Business Analytics
9,5,7,2,5.7,81,Management,Product Management
3,5,7,4,7.8,71,Management,Business Analytics
7,9,7,6,7.1,56,Management,Machine Learning
7,6,5,8,10.0,88,Design,Software Development
2,2,5,3,8.3,51,Management,Product Management
6,4,7,8,9.7,53,Management,Software Development
6,4,8,3,5.7,82,Data,Business Analytics
4,9,5,3,7.3,83,Networking,Business Analytics
8,4,6,5,8.9,98,Management,Software Development
7,2,5,2,6.8,83,Networking,Cloud Engineering
6,8,3,5,8.2,41,Coding,Machine Learning
8,5,3,4,7.6,91,AI/ML,Machine Learning
8,1,1,3,10.0,65,Design,Software Development
6,7,5,8,5.9,40,AI/ML,Data Science
3,3,8,4,9.7,75,AI/ML,Product Management
8,9,7,7,7.0,50,Coding,Software Development
8,9,10,8,7.3,65,Design,UI/UX Design
10,4,1,7,7.6,68,Networking,Cloud Engineering
2,6,8,3,6.3,44,Design,UI/UX Design
5,6,8,9,9.8,91,Design,UI/UX Design
10,7,5,3,9.6,71,Management,Machine Learning
6,1,3,3,9.9,98,Coding,Software Development
10,4,4,9,10.0,68,Networking,Cloud Engineering
1,2,7,4,8.3,76,Design,UI/UX Design
1,7,9,7,7.3,89,Business,Business Analytics
8,1,7,1,9.3,52,Coding,Software Development
4,6,6,7,5.1,95,AI/ML,Machine Learning
6,8,7,9,9.2,51,Business,Business Analytics
5,10,1,8,7.5,100,Business,Machine Learning
5,3,7,6,8.4,79,Coding,Software Development
10,1,1,9,6.9,71,Business,Business Analytics
1,8,10,3,6.8,52,Data,Business Analytics
8,1,9,4,5.2,74,Security,Product Management
9,1,6,1,7.1,73,Design,UI/UX Design
7,10,4,7,7.0,100,AI/ML,Data Science
4,9,8,8,6.1,90,Data,Cybersecurity
2,8,7,8,6.2,69,Coding,Business Analytics
7,9,8,8,7.9,63,AI/ML,Data Science
5,1,6,2,6.6,63,Design,UI/UX Design
2,1,3,7,9.2,63,Networking,Cybersecurity
4,4,1,8,5.6,40,Business,Software Development
10,1,3,3,7.9,42,Management,Software Development
3,9,6,5,5.8,85,AI/ML,Business Analytics
2,1,5,10,7.6,55,AI/ML,Software Development
7,6,6,5,7.8,65,Design,UI/UX Design
2,9,3,8,8.2,82,Networking,Cybersecurity
10,8,10,6,7.1,77,Security,Machine Learning
9,3,4,7,7.5,61,AI/ML,Software Development
10,5,9,7,5.9,85,Networking,Machine Learning
10,6,4,7,7.3,49,Coding,Software Development
3,8,5,8,6.9,68,AI/ML,Machine Learning
3,5,7,10,8.3,46,Networking,Software Development
4,3,3,3,7.2,72,Data,Machine Learning
5,8,3,10,8.9,45,Coding,Software Development
9,9,4,7,7.1,97,Security,Cybersecurity
8,5,9,6,6.2,80,Design,UI/UX Design
7,1,2,4,6.4,54,Networking,Cloud Engineering
9,6,5,5,5.2,77,Management,Machine Learning
7,9,7,7,7.7,61,Business,Business Analytics
4,10,8,4,9.2,71,Coding,Business Analytics
5,5,5,3,8.8,50,Security,Machine Learning
6,2,1,9,7.2,70,AI/ML,Software Development
1,6,1,5,6.0,46,Security,Machine Learning
8,9,5,7,9.3,49,Security,Cybersecurity
7,10,9,1,5.3,75,Management,Product Management
8,1,1,1,7.0,70,Networking,Cloud Engineering
6,3,9,9,9.3,57,Design,UI/UX Design
8,5,7,2,7.0,43,Management,Machine Learning
10,1,1,8,5.6,65,Coding,Software Development
6,9,4,10,6.3,96,Business,Data Science
5,2,3,5,8.0,83,Networking,Business Analytics
2,7,10,9,5.8,43,Data,Business Analytics
8,10,6,5,8.3,97,Data,Data Science
10,7,4,10,7.2,65,Management,Software Development
7,8,3,3,6.7,75,Networking,Machine Learning
9,3,6,5,6.2,40,Coding,Software Development
9,9,1,4,9.1,58,Coding,Machine Learning
8,5,3,8,7.0,87,Security,Cloud Engineering
6,1,2,1,8.7,60,Networking,Cloud Engineering
1,4,7,9,7.2,50,Data,Business Analytics
1,4,7,1,5.5,45,Design,UI/UX Design
3,6,5,4,7.2,96,Security,Business Analytics
5,3,2,6,7.5,89,Coding,Software Development
8,5,4,2,7.3,42,Coding,Machine Learning
5,5,9,5,9.1,96,Data,Business Analytics
1,4,3,10,9.6,90,Networking,Cybersecurity
3,7,2,9,8.9,61,Security,Cybersecurity
10,4,2,1,7.9,80,Coding,Machine Learning
10,8,9,6,7.7,55,Business,Cybersecurity
4,3,2,6,8.2,55,Management,Machine Learning
9,9,6,1,6.4,83,Security,Machine Learning
8,4,10,7,9.1,52,AI/ML,Software Development
10,1,7,6,9.3,61,Security,Software Development
9,2,5,7,6.3,61,AI/ML,Software Development
7,9,3,3,9.5,49,AI/ML,Data Science
4,9,1,3,9.2,90,Management,Machine Learning
7,3,2,8,7.1,81,Coding,Software Development
4,7,10,8,9.5,92,Business,Business Analytics
4,6,2,2,5.6,71,Coding,Machine Learning
7,2,1,3,5.1,50,Design,Software Development
6,5,9,6,6.7,57,AI/ML,Business Analytics
6,7,5,9,7.8,61,Business,Software Development
4,10,4,3,6.8,97,Business,Business Analytics
5,9,8,3,9.7,54,Data,Business Analytics
1,1,6,9,6.3,82,Networking,Cybersecurity
7,3,10,7,6.4,47,Coding,Software Development
6,5,5,10,8.2,98,Networking,Cloud Engineering
10,2,8,8,5.0,79,Networking,Machine Learning
6,6,9,10,8.6,66,Business,Software Development
5,1,5,2,6.9,61,Design,Product Management
1,2,3,3,9.9,61,Business,Product Management
2,1,10,3,8.5,53,Business,Product Management
4,3,3,1,5.3,76,Security,Business Analytics
4,8,1,8,5.5,92,Business,Business Analytics
4,2,6,7,5.4,54,Business,Software Development
4,10,10,1,9.8,85,Coding,Business Analytics
8,3,1,2,8.4,74,Data,Machine Learning
2,1,9,2,7.1,87,Data,Product Management
4,4,9,5,6.0,86,Data,Business Analytics
2,8,10,5,9.4,42,Coding,Business Analytics
4,2,5,3,6.0,41,Networking,Cloud Engineering
7,1,3,10,8.5,95,Business,Software Development
1,9,6,3,8.8,49,Security,Business Analytics
4,6,2,6,6.5,75,Business,Machine Learning
1,4,9,5,7.5,85,Networking,Product Management
10,8,7,4,6.1,70,Networking,Machine Learning
8,9,5,9,6.9,40,Security,Cybersecurity
3,4,6,10,9.8,40,Data,Software Development
2,6,8,1,8.5,80,Security,Business Analytics
1,1,6,5,9.2,94,Networking,Product Management
5,4,9,2,7.7,60,Security,Business Analytics
8,6,10,5,6.2,73,Security,Business Analytics
6,2,10,7,8.6,96,Design,UI/UX Design
9,10,7,5,7.5,90,Data,Data Science
4,10,8,4,5.9,72,Management,Product Management
3,3,4,4,7.1,79,Security,Product Management
5,4,1,3,8.2,98,Business,Machine Learning
3,2,5,4,8.7,88,Data,Product Management
10,6,9,4,6.2,65,Networking,Machine Learning
2,2,2,7,9.4,82,Coding,Software Development
5,4,6,1,6.9,60,Business,Business Analytics
6,6,2,1,6.4,96,Management,Machine Learning
1,7,5,6,6.0,45,Management,Software Development
5,6,2,7,9.0,53,Security,Cybersecurity
5,3,8,3,6.8,61,Management,Product Management
3,8,9,3,7.4,52,Design,UI/UX Design
2,7,8,7,6.1,76,Security,UI/UX Design
1,8,8,4,8.4,83,Coding,Business Analytics
1,5,3,8,8.9,94,Business,Data Science
5,9,6,2,6.7,70,Coding,Business Analytics
1,4,2,2,9.7,77,Management,Software Development
10,9,4,6,5.2,76,Design,Machine Learning
3,3,6,4,5.7,40,Management,Product Management
7,3,7,8,7.9,83,Networking,Cloud Engineering
7,6,1,6,8.5,41,Networking,Cloud Engineering
5,6,9,4,6.3,73,Data,Business Analytics
9,8,5,2,7.8,100,Design,Machine Learning
2,3,9,2,6.6,88,Business,Product Management
3,9,6,8,7.8,70,Business,Business Analytics
3,4,6,3,8.3,59,Design,UI/UX Design
2,6,7,6,9.9,91,AI/ML,Product Management
3,10,9,9,7.3,92,Coding,Business Analytics
4,6,2,9,8.2,62,AI/ML,Software Development
8,7,6,3,7.9,46,Coding,Machine Learning
4,10,1,2,6.6,75,Coding,Machine Learning
9,10,5,8,6.3,78,AI/ML,Data Science
8,5,9,7,9.9,96,AI/ML,Machine Learning
10,5,9,4,6.0,94,Security,Machine Learning
2,2,3,6,9.0,53,Coding,Software Development
10,6,4,2,5.7,55,Design,Machine Learning
7,10,6,8,9.0,100,AI/ML,Data Science
10,5,4,8,5.9,59,Management,Software Development
4,4,2,3,9.8,67,Coding,Software Development
10,2,4,5,8.4,58,Data,Software Development
6,4,5,4,5.5,63,Data,Cybersecurity
1,3,6,1,8.5,74,Security,Product Management
5,10,10,2,8.0,57,Data,Business Analytics
2,6,6,10,6.7,65,Design,UI/UX Design
10,2,4,5,6.3,61,Security,Software Development
4,1,7,2,8.6,46,Security,Product Management
3,9,8,1,8.7,87,Networking,Business Analytics
6,10,5,4,6.6,94,Management,Machine Learning
5,8,5,10,9.4,70,Management,Software Development
1,2,3,4,6.3,52,Data,Business Analytics
9,1,9,10,5.3,79,Management,Product Management
9,2,9,5,8.0,72,AI/ML,Product Management
8,8,2,8,5.5,73,Design,Machine Learning
7,8,4,8,6.4,76,Data,Data Science
5,9,3,1,7.5,83,Management,Machine Learning
6,1,10,1,6.4,42,AI/ML,Product Management
6,2,1,10,6.1,46,Security,Cybersecurity
2,10,3,10,8.5,45,AI/ML,Machine Learning
1,10,4,2,7.7,49,Business,UI/UX Design
3,8,6,7,9.2,99,Data,Business Analytics
5,2,3,10,7.9,84,Business,Software Development
2,1,6,10,7.4,80,Security,Cybersecurity
2,1,8,3,6.3,82,Management,Product Management
9,7,9,9,9.0,42,Coding,Software Development
4,9,1,7,6.0,53,Business,Machine Learning
6,7,2,10,6.2,88,AI/ML,Data Science
6,3,1,2,9.2,68,Data,Machine Learning
8,8,10,7,8.7,71,Management,Product Management
8,1,7,1,8.1,85,Design,UI/UX Design
3,9,6,4,5.2,44,Coding,Business Analytics
9,9,8,1,5.6,88,Coding,Machine Learning
4,8,6,5,7.5,81,AI/ML,Machine Learning
9,9,3,9,8.7,64,Networking,Cloud Engineering
5,6,6,7,7.3,70,Data,Business Analytics
2,5,8,4,5.1,44,Coding,Business Analytics
8,4,1,5,5.9,52,Security,Software Development
1,10,7,4,7.9,55,Business,Business Analytics
8,7,5,8,8.5,93,Design,Software Development
1,2,1,3,5.2,46,Data,Machine Learning
3,10,3,1,5.2,57,Design,Machine Learning
7,1,5,6,6.3,48,Networking,Cloud Engineering
10,6,4,9,5.4,57,Business,Software Development
5,2,3,5,7.7,40,Networking,Cloud Engineering
2,7,7,3,5.6,56,Coding,Business Analytics
3,5,5,1,8.2,84,Business,Business Analytics
9,5,5,10,8.9,86,Security,Cybersecurity
8,7,8,8,9.9,63,Management,Data Science
2,8,1,2,9.7,83,Security,Machine Learning
4,4,4,1,6.4,77,Business,Business Analytics
3,10,1,2,5.1,95,Business,Machine Learning
2,5,10,4,6.6,89,AI/ML,Business Analytics
9,2,2,9,8.5,53,Business,Software Development
7,1,9,2,5.3,75,Design,UI/UX Design
2,3,2,9,6.8,87,Business,Software Development
7,7,4,1,6.5,58,Data,Data Science
5,6,7,8,6.1,74,AI/ML,Machine Learning
1,4,9,3,8.5,64,Networking,Business Analytics
5,5,2,10,8.3,58,Business,Software Development
2,9,3,5,7.7,52,Networking,UI/UX Design
3,6,9,3,9.6,42,AI/ML,Business Analytics
9,1,4,3,5.5,85,Networking,Cloud Engineering
8,1,3,9,5.7,89,Security,Cybersecurity
2,5,8,5,6.9,79,Security,Business Analytics
9,5,1,4,8.3,54,Business,Cybersecurity
6,9,9,8,7.9,41,Networking,Cloud Engineering
9,6,9,6,5.4,78,Data,Business Analytics
8,8,9,7,9.8,52,Networking,Cloud Engineering
4,6,3,5,6.5,73,Design,Machine Learning
6,4,2,1,6.8,99,Business,Software Development
6,7,5,1,8.1,40,Security,Machine Learning
8,7,4,1,9.7,75,Data,Data Science
3,8,10,6,8.3,100,Management,Product Management
4,2,7,6,9.8,60,Security,Software Development
3,7,10,8,5.9,89,Business,Business Analytics
3,3,8,9,8.1,90,Business,Product Management
2,8,8,2,9.1,69,AI/ML,Business Analytics
1,8,2,10,7.5,58,Design,Software Development
10,7,1,10,6.8,81,Data,Data Science
1,10,1,7,9.9,77,Business,Business Analytics
9,6,6,6,5.7,69,AI/ML,Machine Learning
1,1,3,2,7.1,51,Security,Product Management
8,7,10,2,9.4,85,Coding,Business Analytics
4,8,2,1,9.5,52,Design,Software Development
6,2,10,7,9.9,48,AI/ML,Business Analytics
3,2,7,5,9.4,44,AI/ML,Product Management
5,3,2,2,5.3,67,Management,Machine Learning
5,9,1,2,9.6,47,Data,Machine Learning
6,6,4,1,7.1,60,AI/ML,Machine Learning
4,10,4,7,8.3,54,AI/ML,Machine Learning
6,9,4,7,7.0,68,Networking,Cloud Engineering
9,6,6,7,9.1,87,Data,Business Analytics
5,7,2,2,7.9,67,Networking,Machine Learning
4,4,2,1,9.2,73,Security,Machine Learning
2,1,7,2,6.0,48,Data,Business Analytics
4,4,10,8,5.9,46,Design,UI/UX Design
2,6,3,8,7.2,99,Business,Business Analytics
2,2,10,3,5.0,77,Data,Business Analytics
10,3,4,1,8.5,40,Security,Machine Learning
1,1,4,4,6.5,74,AI/ML,Product Management
5,8,1,9,7.8,40,Data,Machine Learning
9,9,5,2,5.4,44,Management,Machine Learning
10,9,5,8,5.9,62,Networking,Cloud Engineering
2,4,7,5,8.1,80,Security,Product Management
2,6,2,2,6.5,77,Business,Business Analytics
4,10,2,10,6.1,88,Coding,Software Development
6,6,5,6,6.1,50,Security,Machine Learning
10,3,1,7,6.1,51,Business,Software Development
3,4,2,1,8.1,72,Security,Machine Learning
2,8,7,4,5.8,92,Business,Business Analytics
3,5,10,7,6.8,84,Networking,Cybersecurity
9,9,6,7,8.4,80,Data,Data Science
1,9,2,1,7.6,45,Business,Business Analytics
4,1,10,7,8.0,93,Security,Cybersecurity
2,8,6,10,6.3,100,AI/ML,Business Analytics
2,4,8,8,9.7,75,AI/ML,Data Science
10,6,2,3,7.1,60,AI/ML,Machine Learning
1,3,6,10,6.4,80,Business,Product Management
4,4,1,7,9.5,79,AI/ML,Software Development
10,4,7,1,8.3,96,Networking,Machine Learning
7,1,3,2,8.1,46,AI/ML,Machine Learning
1,8,10,10,9.4,71,Security,Cybersecurity
5,2,1,3,5.3,83,Coding,Software Development
10,4,7,1,9.2,61,Management,Machine Learning
5,2,2,5,8.4,91,Security,Software Development
6,2,7,6,6.8,43,Data,Software Development
6,4,5,6,6.3,46,Security,Software Development
7,10,10,7,5.5,88,Security,Cybersecurity
2,10,7,10,9.7,47,Security,Software Development
9,4,4,8,5.7,65,Design,Software Development
10,6,1,1,6.3,57,Design,UI/UX Design
2,10,6,1,8.5,81,Networking,Cloud Engineering
9,3,5,1,8.6,40,Design,Machine Learning
9,10,1,4,5.8,61,Networking,Machine Learning
8,2,6,4,9.1,100,AI/ML,Machine Learning
4,3,3,10,7.6,62,Management,Software Development
5,4,3,4,9.2,76,Data,Machine Learning
9,1,1,1,5.4,100,Data,Machine Learning
2,9,4,9,5.2,77,Business,Machine Learning
9,9,3,3,8.2,86,Security,Machine Learning
10,4,1,10,5.8,98,Design,Software Development
7,9,5,8,7.6,77,AI/ML,Data Science
4,8,3,9,5.1,90,Management,Software Development
6,9,2,9,8.9,71,Management,Machine Learning
1,9,5,2,9.5,89,Security,Business Analytics
10,6,1,7,9.2,79,Networking,Cloud Engineering
4,2,10,5,9.8,60,Coding,Product Management
1,10,5,7,9.5,74,AI/ML,Business Analytics
8,7,10,8,7.2,60,Data,UI/UX Design
7,10,9,6,7.0,64,Management,Business Analytics
7,10,10,4,9.5,57,AI/ML,Data Science
1,2,6,10,9.6,69,Data,Software Development
8,5,5,7,9.9,61,AI/ML,Machine Learning
7,2,8,9,8.8,78,Security,Cybersecurity
8,1,1,3,6.0,62,AI/ML,Machine Learning
9,10,9,9,9.7,69,Management,Product Management
3,10,4,4,9.7,48,Coding,Business Analytics
3,10,1,5,8.3,63,Networking,Machine Learning
10,9,3,9,9.3,61,Data,Data Science
6,7,3,4,7.8,98,Security,Machine Learning
5,6,1,3,9.7,67,Business,Machine Learning
3,10,7,10,5.5,41,Management,Business Analytics
7,6,1,10,9.3,58,AI/ML,Software Development
8,7,9,4,5.3,84,Networking,Business Analytics
1,3,5,4,6.7,50,Management,Product Management
6,8,8,3,5.7,49,Business,Business Analytics
10,9,4,1,7.4,62,Design,Machine Learning
3,7,2,6,6.2,61,Networking,Cloud Engineering
3,5,2,3,9.8,69,Networking,Machine Learning
9,2,7,9,7.8,42,Security,Cybersecurity
1,1,8,2,9.5,83,Design,UI/UX Design
4,7,3,7,6.4,53,Data,Machine Learning
5,7,4,6,5.1,83,Design,Machine Learning
8,8,10,7,8.9,74,Management,UI/UX Design
2,10,9,2,8.5,52,Networking,Business Analytics
5,5,5,5,7.7,68,Security,Business Analytics
2,9,3,7,9.1,42,Design,Business Analytics
8,8,4,4,9.2,82,Security,Machine Learning
7,3,6,9,7.9,58,Management,Software Development
5,9,6,6,9.8,63,Coding,Business Analytics
4,1,2,4,8.6,49,Business,Software Development
2,6,1,1,8.4,62,Business,Business Analytics
10,10,5,2,6.8,64,Networking,Machine Learning
7,7,8,5,5.0,53,Networking,Business Analytics
4,10,2,5,6.2,99,AI/ML,Machine Learning
5,1,5,9,8.8,57,Management,Software Development
8,6,2,8,8.5,51,Security,Cybersecurity
8,8,3,2,6.7,73,Design,Machine Learning
5,7,7,6,8.1,59,Business,Machine Learning
4,9,3,5,6.0,67,Security,Machine Learning
7,5,3,2,6.3,84,Business,Machine Learning
7,7,10,7,9.7,44,Business,Business Analytics
6,5,2,6,7.1,71,Management,Software Development
1,9,2,1,6.2,41,Management,Business Analytics
5,2,10,5,7.4,42,Design,UI/UX Design
7,3,6,8,6.9,45,Coding,Product Management
10,1,1,4,8.6,49,AI/ML,Software Development
6,8,5,4,9.8,61,Management,Machine Learning
4,3,6,2,8.0,97,Business,Product Management
6,4,3,3,8.0,95,Data,Machine Learning
2,9,6,10,6.8,46,Business,Business Analytics
1,4,7,7,7.8,100,Networking,Cybersecurity
7,2,3,2,6.6,78,Management,Product Management
10,1,9,5,5.0,73,Design,UI/UX Design
9,3,5,2,9.3,88,Networking,Cloud Engineering
6,10,10,5,7.1,69,Networking,Business Analytics
1,6,1,2,7.5,56,Coding,Machine Learning
10,10,4,7,5.4,72,Design,Machine Learning
5,3,8,6,9.2,84,Design,Cloud Engineering
3,4,9,7,5.9,81,AI/ML,Product Management
9,2,3,5,7.1,50,Networking,Cloud Engineering
8,4,10,3,9.2,97,Data,Business Analytics
8,6,2,3,7.3,57,AI/ML,Machine Learning
3,9,5,3,9.7,90,Management,Business Analytics
10,4,4,5,6.0,59,Security,Software Development
5,8,5,5,8.6,43,Data,UI/UX Design
6,7,10,7,9.9,100,AI/ML,Data Science
8,3,8,1,7.7,75,Design,UI/UX Design
7,10,8,3,8.5,53,Management,Business Analytics
2,5,3,9,7.0,40,AI/ML,Software Development
4,2,10,10,8.8,47,Security,Cybersecurity
4,10,5,10,9.5,50,Security,Cybersecurity
10,10,7,4,8.5,96,AI/ML,Data Science
8,1,7,2,9.7,50,Coding,Software Development
4,10,7,2,7.9,49,Data,Software Development
8,10,7,2,7.9,91,Management,Product Management
8,9,5,10,6.5,93,Security,Cybersecurity
4,3,7,9,8.5,52,Design,Business Analytics
5,7,10,9,9.4,79,Design,UI/UX Design
9,6,4,8,8.2,72,Design,Software Development
6,7,6,4,6.2,75,Design,UI/UX Design
2,7,2,5,7.7,58,Security,Machine Learning
8,7,4,9,8.8,85,AI/ML,Data Science
6,6,8,9,9.7,93,Coding,Software Development
6,7,7,6,5.8,84,AI/ML,Data Science
8,6,3,9,5.6,95,Security,Cybersecurity
10,1,6,4,7.1,46,Data,Software Development
4,1,9,5,5.6,80,AI/ML,Product Management
5,10,2,9,9.9,100,AI/ML,Machine Learning
2,10,1,4,7.1,72,Business,Business Analytics
7,6,4,8,7.7,97,Coding,Software Development
5,2,7,5,6.1,61,Design,UI/UX Design
4,8,4,3,7.2,94,Networking,Machine Learning
7,2,9,3,9.9,97,Business,Product Management
5,4,9,7,7.4,77,Coding,Machine Learning
5,4,6,5,5.0,82,Data,Business Analytics
5,1,4,4,6.2,71,Security,Software Development
3,9,1,8,9.9,59,Data,Machine Learning
2,6,9,1,9.9,72,Security,Business Analytics
9,4,9,1,6.1,98,Management,Cloud Engineering
1,6,5,10,8.1,40,Security,Cybersecurity
4,1,6,7,5.4,52,Data,Business Analytics
7,5,8,6,7.9,70,AI/ML,Machine Learning
2,6,7,1,5.6,60,Business,Business Analytics
7,4,2,6,9.1,78,Networking,Cloud Engineering
8,9,7,5,9.7,61,Data,Data Science
7,3,10,6,5.9,80,Security,Product Management
4,2,8,1,7.3,46,Data,Business Analytics
1,6,5,6,5.5,60,Business,Product Management
9,9,6,6,6.7,82,Security,Machine Learning
4,4,3,3,5.3,68,Data,Machine Learning
9,1,7,1,6.3,83,Security,Product Management
2,10,3,10,10.0,78,Design,Business Analytics
2,5,4,8,5.2,60,Data,Business Analytics
8,2,3,7,9.3,66,Business,Software Development
10,7,4,8,5.4,98,Networking,Cloud Engineering
9,4,4,7,7.6,98,Business,Software Development
8,10,1,2,7.3,42,Business,Machine Learning
3,3,8,5,9.7,83,Data,Business Analytics
10,6,5,9,6.0,69,Networking,Cloud Engineering
7,6,10,3,5.9,40,Coding,Business Analytics
2,3,2,10,8.7,78,AI/ML,Software Development
2,5,7,1,8.6,41,Security,Cloud Engineering
9,2,2,4,8.5,59,Networking,Cloud Engineering
3,7,6,4,5.1,82,Design,UI/UX Design
8,8,5,7,6.3,89,Management,Machine Learning
2,10,5,2,9.2,65,AI/ML,Data Science
3,4,7,3,8.0,89,Management,Product Management
3,3,9,7,8.0,91,Data,Business Analytics
3,6,4,3,6.5,67,Data,Business Analytics
7,7,9,9,6.3,50,Networking,Machine Learning
10,10,2,9,9.7,80,Data,Data Science
10,1,3,4,8.6,40,Coding,Software Development
8,3,4,6,5.6,94,Business,Software Development
3,3,10,4,9.7,63,Management,Product Management
10,3,2,4,7.9,86,Business,Software Development
6,5,4,7,6.7,84,Data,Machine Learning
6,9,5,3,7.0,68,Management,Machine Learning
8,1,9,2,8.6,99,Design,UI/UX Design
8,9,5,3,6.9,88,Business,Machine Learning
10,7,10,10,7.9,93,Security,Cybersecurity
6,7,8,3,8.6,45,Security,Business Analytics
7,7,8,4,6.0,69,Design,UI/UX Design
8,2,8,7,9.7,98,AI/ML,Software Development
3,8,2,2,6.8,89,Networking,Machine Learning
4,3,5,3,7.1,67,Networking,Cloud Engineering
7,6,6,2,8.5,44,Coding,Machine Learning
1,7,3,10,8.0,57,Networking,Cybersecurity
4,7,2,10,7.2,74,Coding,Business Analytics
8,4,2,8,8.2,79,Data,Software Development
10,4,8,3,9.5,96,Networking,Cloud Engineering
6,5,7,7,9.0,45,Data,Business Analytics
4,1,3,7,9.1,64,Networking,Cybersecurity
5,8,8,9,6.3,56,Data,Business Analytics
7,1,7,2,7.1,98,Data,Product Management
6,5,9,8,7.8,50,Coding,Software Development
1,7,10,2,5.2,53,Networking,Business Analytics
6,1,9,6,8.8,58,Data,Software Development
5,10,2,9,6.6,46,Design,Machine Learning
8,4,8,1,6.4,79,Coding,Machine Learning
9,1,4,2,6.3,72,Security,Software Development
10,7,5,9,6.4,74,Coding,Software Development
7,6,7,1,6.7,95,Management,Product Management
4,7,7,7,8.0,66,Data,Software Development
5,8,5,6,7.9,58,Business,Business Analytics
2,5,10,4,6.3,62,Coding,Cloud Engineering
10,9,2,9,6.0,88,Management,Machine Learning
9,4,1,9,9.1,72,Design,Data Science
9,6,1,4,5.5,50,Security,Machine Learning
4,2,9,1,7.6,82,Security,Product Management
4,7,5,2,7.6,85,AI/ML,Machine Learning
9,3,5,2,7.9,55,Data,Machine Learning
6,7,7,10,9.4,73,Business,Business Analytics
8,9,5,6,8.1,74,Management,Machine Learning
5,9,6,7,9.9,50,Coding,Business Analytics
5,10,1,3,9.4,40,AI/ML,Machine Learning
7,2,2,9,6.1,83,Data,UI/UX Design
9,2,10,8,6.2,77,Design,UI/UX Design
4,10,5,8,6.7,83,Design,Business Analytics
9,4,2,5,7.0,63,Business,Software Development
3,1,4,7,7.8,71,Networking,Cloud Engineering
5,3,4,6,6.2,99,Management,Software Development
10,9,3,4,6.1,53,Security,Machine Learning
10,4,3,6,6.9,79,Management,Software Development
10,1,8,4,8.4,48,Business,Software Development
4,8,2,10,8.4,44,Security,Cybersecurity
9,2,4,8,9.9,98,Networking,Cloud Engineering
10,4,5,8,6.0,47,Management,Software Development
10,1,6,8,7.0,80,Security,Cybersecurity
1,7,9,5,9.8,71,Coding,Business Analytics
8,5,10,10,8.5,89,Management,Product Management
10,9,3,3,8.0,73,Design,Machine Learning
8,4,6,6,7.7,82,Security,Software Development
3,3,1,1,5.4,94,Design,Machine Learning
8,2,7,3,9.5,90,Coding,Software Development
2,3,2,6,8.1,84,Management,Product Management
5,5,1,5,7.9,49,AI/ML,Machine Learning
7,1,7,10,7.7,50,Security,UI/UX Design
5,5,2,7,7.0,70,Coding,Software Development
7,9,5,5,6.3,80,Security,Machine Learning
3,8,2,5,8.8,80,Networking,Machine Learning
7,7,8,7,7.5,87,Coding,Software Development
7,9,8,8,5.2,46,Coding,Software Development
7,8,6,3,7.0,50,Business,Business Analytics
3,7,9,6,9.6,49,Management,Business Analytics
4,9,5,6,6.9,73,Security,Business Analytics
3,2,2,1,7.1,78,Data,Machine Learning
5,9,2,10,8.1,47,Data,Machine Learning
6,3,3,6,9.0,92,Networking,Cloud Engineering
4,8,3,3,8.3,58,Management,Machine Learning
5,10,4,7,9.3,80,Business,Business Analytics
3,5,3,7,5.6,85,Management,Software Development
3,1,6,10,9.6,42,Networking,Cybersecurity
7,4,2,1,9.5,92,Business,Machine Learning
9,5,7,5,7.6,99,Networking,Cloud Engineering
3,10,4,2,8.1,98,Data,Business Analytics
9,10,7,6,6.1,48,Data,Data Science
6,6,6,6,7.2,63,Security,Machine Learning
2,10,10,5,6.0,54,AI/ML,Business Analytics
4,5,5,10,5.1,67,Coding,Software Development
1,5,3,6,9.9,99,Security,Cybersecurity
1,9,6,5,6.3,86,Management,Product Management
4,7,7,1,8.0,87,Coding,Business Analytics
5,6,5,3,6.5,65,Management,Machine Learning
8,5,6,9,6.9,97,Business,Software Development
2,8,5,5,7.0,96,Management,Business Analytics
9,8,4,10,6.7,89,Management,Software Development
3,5,4,6,8.2,89,Data,Business Analytics
2,1,10,6,9.8,79,Coding,Product Management
7,2,7,5,7.1,45,Security,Software Development
8,2,1,6,9.9,57,AI/ML,Software Development
7,5,10,1,8.3,86,Business,Product Management
2,7,8,1,8.0,59,Data,Business Analytics
2,9,1,5,6.2,50,AI/ML,Machine Learning
4,3,8,6,5.3,97,Networking,Product Management
5,8,6,6,9.3,69,Security,Business Analytics
10,7,10,5,7.9,92,AI/ML,Data Science
3,1,5,3,7.1,57,Business,Product Management
2,4,6,8,9.1,61,AI/ML,Software Development
10,4,4,7,6.6,60,Data,Software Development
2,9,4,1,8.9,62,AI/ML,Machine Learning
1,10,7,5,6.6,66,Business,Business Analytics
5,9,9,8,9.6,58,Design,UI/UX Design
5,6,9,8,6.3,89,Coding,Software Development
7,5,8,3,5.7,59,Coding,Business Analytics
9,4,7,10,8.5,66,Security,Cybersecurity
10,8,6,7,5.8,92,Security,Cybersecurity
3,1,4,5,9.7,66,AI/ML,Software Development
10,3,8,7,8.3,40,Security,Cybersecurity
7,2,4,9,6.2,40,Networking,Cloud Engineering
1,5,3,3,6.0,66,Coding,Business Analytics
10,3,9,2,9.6,79,Management,Product Management
2,2,6,5,8.0,97,Business,Product Management
6,4,4,1,9.5,47,Business,Product Management
8,9,9,9,5.6,73,Coding,Software Development
3,6,10,10,9.6,57,Management,Business Analytics
3,9,4,7,7.6,67,Business,Business Analytics
5,10,6,10,8.3,67,Design,Product Management
9,10,5,1,6.9,59,Coding,Machine Learning
3,4,8,7,5.3,41,Management,Product Management
7,9,10,5,9.8,44,Security,Business Analytics
5,10,6,3,10.0,71,Design,UI/UX Design
2,10,8,4,6.8,53,Business,Business Analytics
8,4,6,6,9.7,59,Data,Machine Learning
9,3,9,7,5.8,45,Networking,Cloud Engineering
6,6,5,2,5.8,43,Management,Cloud Engineering
2,10,4,7,5.4,47,Data,Business Analytics
2,10,5,10,7.0,63,AI/ML,Business Analytics
5,6,10,1,5.3,49,Security,Business Analytics
6,2,7,9,7.0,54,Coding,Software Development
6,5,2,7,5.7,58,Business,Software Development
3,8,1,4,8.7,57,Networking,Machine Learning
6,6,6,8,9.2,40,Coding,Software Development
3,4,9,7,8.4,47,Management,Product Management
7,4,5,8,6.0,97,Management,Software Development
8,1,6,1,8.8,80,Coding,Software Development
7,3,8,1,6.2,47,Business,Business Analytics
1,7,6,7,8.8,57,Business,Business Analytics
10,3,10,4,7.8,63,Data,Cloud Engineering
1,10,7,3,6.8,95,Design,UI/UX Design
10,1,8,5,5.4,93,Data,Software Development
1,6,8,8,9.1,86,AI/ML,Business Analytics
6,5,7,2,9.7,46,Design,UI/UX Design
2,9,1,10,8.3,69,Coding,Software Development
1,9,5,5,9.8,69,Coding,Business Analytics
7,6,2,2,9.7,78,Security,Machine Learning
8,7,6,1,6.0,91,Coding,Machine Learning
2,7,2,9,8.7,59,AI/ML,Machine Learning
10,6,6,2,6.7,73,Networking,Machine Learning
4,2,4,5,7.4,56,Data,Software Development
4,5,1,7,5.8,52,Design,Software Development
3,3,2,6,9.9,59,Coding,Software Development
5,5,6,3,8.6,84,Security,Business Analytics
2,7,1,2,6.3,66,Networking,Machine Learning
5,3,9,8,6.9,81,Data,Business Analytics
3,3,8,5,7.1,82,Coding,Product Management
1,9,8,1,8.7,62,Management,Business Analytics
4,4,2,2,9.6,98,Business,Product Management
7,2,8,6,6.6,42,Management,Business Analytics
8,8,7,2,7.4,94,Networking,Machine Learning
4,8,4,4,8.0,40,Data,Machine Learning
4,9,1,2,7.0,63,Design,Machine Learning
8,8,6,8,7.5,90,AI/ML,Data Science
7,10,8,7,5.5,81,AI/ML,Data Science
9,6,1,8,5.8,59,Networking,Cloud Engineering
10,3,1,1,7.0,94,Coding,Machine Learning
9,9,4,4,9.6,48,Design,Machine Learning
10,3,6,3,6.7,80,Coding,Software Development
5,3,5,7,6.2,71,Design,Software Development
4,9,5,9,8.7,52,Coding,Software Development
4,9,3,3,9.7,96,Coding,Machine Learning
3,4,1,8,7.3,86,Business,Software Development
8,8,1,6,5.0,40,Design,Machine Learning
8,10,1,9,8.4,45,Networking,Machine Learning
9,8,7,1,7.1,43,Business,Business Analytics
2,1,8,10,8.4,65,Business,Product Management
5,7,5,5,6.4,65,Business,Business Analytics
3,2,1,3,5.0,84,Networking,Cloud Engineering
9,9,5,2,6.7,81,Security,Machine Learning
3,1,10,10,8.5,40,Design,UI/UX Design
2,10,3,9,7.0,69,Networking,Cybersecurity
6,2,5,2,6.1,87,Data,Machine Learning
9,5,6,5,7.3,94,Design,UI/UX Design
10,3,4,8,8.8,57,Management,Software Development
1,9,5,6,5.6,42,Design,Product Management
4,4,5,2,8.5,49,Coding,Business Analytics
2,8,5,4,8.3,60,Design,Business Analytics
4,1,8,4,6.9,67,Security,Product Management
6,5,6,3,9.9,61,Coding,Machine Learning
3,10,1,10,9.5,45,Coding,Software Development
1,10,1,3,6.6,60,Design,Machine Learning
6,3,5,8,5.2,57,Management,Software Development
1,4,10,10,6.5,69,Business,Business Analytics
3,5,1,8,6.0,44,Design,Software Development
1,6,1,8,7.7,88,Data,Machine Learning
1,6,7,2,9.6,65,Data,Business Analytics
5,2,5,2,9.4,59,Coding,Software Development
9,8,3,8,6.5,95,Networking,Cloud Engineering
8,3,3,8,7.1,85,Management,Software Development
1,4,7,8,5.2,48,Management,Product Management
1,9,6,5,7.7,48,Security,Business Analytics
4,7,7,6,5.3,40,AI/ML,Business Analytics
7,4,3,1,9.7,74,Networking,Machine Learning
8,10,6,3,9.3,61,AI/ML,Data Science
9,4,9,6,6.1,62,Business,Software Development
4,6,4,2,8.5,71,Security,Machine Learning
2,3,4,2,7.8,72,Networking,Product Management
1,2,2,1,9.0,40,Coding,Software Development
2,5,7,3,7.4,46,Data,Business Analytics
1,6,1,10,6.0,88,Security,Cybersecurity
9,9,3,7,8.2,98,Data,Data Science
3,4,8,10,5.4,91,Security,Cybersecurity
9,9,1,3,7.9,95,Data,Data Science
6,7,10,6,6.1,68,Data,Business Analytics
6,1,5,9,8.4,90,Management,Software Development
5,8,4,4,9.1,93,Business,Business Analytics
9,6,6,7,5.5,94,Networking,Cloud Engineering
1,4,7,7,7.0,49,Design,UI/UX Design
1,5,5,9,8.7,48,Data,Business Analytics
5,4,9,10,5.8,64,Networking,Cybersecurity
4,7,10,7,7.8,70,Networking,Cybersecurity
6,6,3,6,8.4,98,Coding,Software Development
8,5,8,9,6.8,59,Data,Software Development
6,3,4,7,9.2,90,AI/ML,Software Development
3,4,10,4,7.6,94,Networking,Product Management
4,5,3,7,8.1,98,Networking,Cybersecurity
8,5,3,6,5.7,51,Security,Software Development
3,4,8,3,5.1,54,Networking,Business Analytics
6,6,8,6,5.3,53,AI/ML,Machine Learning
6,3,2,7,9.5,84,Design,Software Development
8,6,6,10,9.4,81,Coding,Software Development
8,2,4,6,9.0,64,Networking,Cloud Engineering
5,5,7,2,6.0,45,Business,Business Analytics
4,8,6,10,7.6,71,Coding,Software Development
4,9,10,6,9.0,84,Management,Product Management
5,7,10,3,8.4,68,Business,Business Analytics
3,8,7,8,5.6,56,Design,UI/UX Design
7,1,7,4,9.5,76,Security,Software Development
3,4,9,4,5.8,80,Business,Product Management
7,7,2,9,5.9,76,Management,Software Development
8,9,8,9,9.5,93,Networking,Cloud Engineering
10,6,8,6,7.4,59,Management,Machine Learning
2,9,2,4,6.9,77,Networking,Machine Learning
8,3,9,9,7.8,92,AI/ML,Software Development
1,2,7,2,9.9,52,Security,Product Management
4,1,4,8,5.6,57,Security,Cybersecurity
2,6,5,6,8.8,42,Management,Business Analytics
2,7,5,9,6.7,62,AI/ML,Business Analytics
2,3,10,5,5.6,42,Security,Business Analytics
1,8,10,9,7.1,85,Business,Business Analytics
9,8,9,1,7.7,45,Security,Machine Learning
1,4,7,8,6.0,82,Management,Product Management
4,3,2,1,7.0,75,Coding,Cybersecurity
7,8,10,7,8.2,100,Business,Business Analytics
10,7,2,2,7.9,61,Business,Machine Learning
9,2,2,10,8.6,61,Business,Product Management
2,3,1,8,9.2,54,Design,Software Development
10,5,10,2,7.0,72,Networking,Machine Learning
7,6,5,9,7.1,53,Data,Software Development
2,2,3,3,7.5,46,Data,Business Analytics
5,10,1,6,7.8,97,Coding,Machine Learning
10,4,5,1,5.5,81,AI/ML,Machine Learning
4,4,8,2,6.6,47,Data,Business Analytics
2,1,10,3,5.9,77,Coding,Product Management
9,9,6,6,6.9,58,Coding,Software Development
10,3,7,6,9.9,50,Design,UI/UX Design
10,10,9,9,7.9,68,Business,Business Analytics
10,5,10,2,7.1,88,Coding,Machine Learning
9,9,3,8,7.8,40,Business,Machine Learning
5,2,10,1,8.3,61,Design,UI/UX Design
2,2,6,3,7.2,96,Security,Product Management
7,9,10,2,7.2,64,Management,Business Analytics
3,9,2,2,8.5,46,Data,Machine Learning
5,6,1,6,5.3,66,Management,Machine Learning
7,1,9,10,7.7,81,Design,UI/UX Design
10,10,7,7,7.7,100,Networking,Cloud Engineering
3,4,2,9,8.8,78,Security,Cybersecurity
3,10,9,6,9.9,43,Business,Business Analytics
8,9,2,1,9.0,89,Security,Machine Learning
1,9,7,4,7.5,87,Management,Product Management
6,7,3,9,5.8,79,Networking,Cloud Engineering
8,7,1,1,7.9,94,Data,Data Science
6,6,9,1,9.2,86,Security,Business Analytics
4,1,9,9,9.7,54,Security,Cybersecurity
9,4,2,1,9.1,65,Coding,UI/UX Design
4,8,1,10,5.9,70,Management,Software Development
8,9,7,8,8.6,69,Design,UI/UX Design
5,6,1,7,9.4,78,AI/ML,Machine Learning
1,8,8,6,8.4,82,AI/ML,Cloud Engineering
6,1,10,1,8.4,46,Data,Business Analytics
1,5,8,5,7.5,74,Networking,Business Analytics
10,6,3,9,8.2,42,AI/ML,Software Development
7,9,2,10,6.5,71,Design,Software Development
4,4,7,5,5.4,65,Design,UI/UX Design
5,3,1,9,9.1,52,AI/ML,Software Development
7,4,6,8,9.7,100,Business,Software Development
3,2,5,1,9.3,55,Networking,Data Science
3,6,8,7,6.7,43,Security,Cybersecurity
5,7,3,7,5.5,61,Data,Machine Learning
3,9,8,6,6.4,86,AI/ML,Business Analytics
8,10,7,8,9.2,40,Design,UI/UX Design
2,1,3,9,8.3,70,Management,Software Development
9,3,4,6,9.8,65,AI/ML,Software Development
4,4,1,4,6.7,92,Management,Machine Learning
6,3,5,10,7.8,40,AI/ML,Software Development
2,9,3,10,9.0,41,Design,Software Development
4,2,2,7,6.2,74,Business,Software Development
8,1,6,7,9.8,50,Data,Software Development
3,9,6,2,8.0,82,Security,Business Analytics
2,10,1,5,5.0,56,Security,Machine Learning
6,3,2,2,5.1,74,Security,Machine Learning
2,4,1,6,9.4,42,Security,Software Development
4,6,7,9,8.2,82,Business,Business Analytics
5,6,4,3,8.8,71,Networking,Machine Learning
6,10,1,10,8.9,40,Data,Data Science
7,5,2,2,7.1,56,Coding,Business Analytics
7,1,10,1,9.0,43,Design,UI/UX Design
9,5,3,10,9.7,42,Design,Software Development
1,6,7,2,5.9,82,Management,Product Management
4,6,5,8,8.8,66,AI/ML,Machine Learning
1,6,2,8,6.5,88,AI/ML,Machine Learning
1,10,4,4,6.6,55,AI/ML,Business Analytics
3,9,1,1,7.1,83,Design,Machine Learning
6,3,8,4,9.3,77,Design,UI/UX Design
9,4,4,1,5.1,80,Design,Machine Learning
8,7,5,7,7.2,90,Coding,Software Development
7,5,2,9,8.4,83,Business,Software Development
8,5,9,10,5.6,85,Networking,Cloud Engineering
2,2,3,9,9.0,85,AI/ML,Software Development
9,3,6,8,9.7,67,Security,Cybersecurity
9,8,9,9,5.5,84,AI/ML,Data Science
1,9,8,8,5.8,91,Data,Business Analytics
5,8,7,7,9.9,85,Networking,Cybersecurity
9,4,9,10,6.0,77,Management,Product Management
5,2,2,4,5.4,44,Data,Machine Learning
9,2,10,5,9.8,66,Networking,Cloud Engineering
10,4,6,10,9.5,43,Data,Software Development
5,6,5,4,8.3,46,AI/ML,Machine Learning
1,9,3,3,7.8,62,Coding,Business Analytics
4,9,8,2,9.6,68,Networking,Cloud Engineering
3,1,10,3,8.3,72,Security,Product Management
5,8,7,6,8.3,94,Security,Machine Learning
6,3,1,9,9.2,86,Networking,Cloud Engineering
5,2,5,2,8.3,65,Business,Product Management
2,6,8,7,7.5,60,Management,Software Development
4,1,4,8,6.9,83,Design,Software Development
7,4,8,9,7.5,56,AI/ML,Software Development
1,6,8,8,7.6,93,Coding,Business Analytics
3,3,1,2,6.8,87,Security,Machine Learning
9,6,6,5,7.2,81,Management,Machine Learning
1,5,2,10,9.0,55,Management,Software Development
5,8,5,10,7.1,77,AI/ML,Machine Learning
3,2,4,7,5.1,90,Security,Cybersecurity
2,1,9,10,6.4,44,AI/ML,Software Development
5,6,9,7,6.2,50,Security,Cybersecurity
6,3,5,1,9.0,71,Management,Product Management
2,8,6,10,7.2,61,Business,Business Analytics
1,1,7,2,6.4,83,Coding,Product Management
2,6,7,4,9.1,64,Data,Business Analytics
7,10,7,3,5.1,100,AI/ML,Data Science
9,1,8,8,5.9,58,Design,UI/UX Design
2,4,10,1,9.1,61,Business,Business Analytics
4,9,9,7,7.8,40,Networking,Cybersecurity
4,6,2,9,8.9,55,Security,Cybersecurity
4,2,5,8,9.2,54,Management,Software Development
3,3,5,4,9.7,86,Networking,Product Management
1,8,6,9,5.3,60,Business,Business Analytics
6,9,6,4,9.0,52,Security,Business Analytics
4,4,8,7,8.5,59,Networking,Cybersecurity
4,5,5,6,6.0,74,Coding,Product Management
3,8,3,1,9.7,87,Management,Machine Learning
10,2,5,1,7.0,99,Management,Machine Learning
7,3,9,2,9.4,42,Business,Business Analytics
5,8,4,10,8.0,91,Coding,Software Development
3,2,1,10,7.6,63,Coding,Software Development
9,8,10,5,5.8,89,Design,UI/UX Design
9,5,2,10,9.6,42,Business,Software Development
1,10,7,1,7.8,78,Design,UI/UX Design
10,1,9,10,5.0,96,Security,Cybersecurity
7,10,3,3,5.1,42,AI/ML,Data Science
1,3,4,1,8.9,88,Security,UI/UX Design
8,1,3,8,5.8,46,AI/ML,Software Development
2,8,2,4,8.0,99,AI/ML,Machine Learning
1,6,2,3,8.4,85,Data,Business Analytics
2,9,2,8,6.4,95,Design,Machine Learning
5,2,5,4,7.8,94,Management,Product Management
7,1,6,8,6.2,59,Design,UI/UX Design
5,6,1,2,9.7,65,Networking,Software Development
2,9,9,1,9.3,82,Data,Business Analytics
2,5,7,4,6.4,50,Security,Machine Learning
9,8,1,7,7.6,58,Data,Data Science
10,10,9,3,7.5,46,Business,Business Analytics
8,9,1,2,9.8,94,Management,Machine Learning
2,6,6,8,7.0,55,Business,Business Analytics
9,7,5,5,7.8,65,Business,Machine Learning
7,6,6,5,9.6,67,Business,Business Analytics
6,7,10,3,5.8,62,Business,Business Analytics
2,6,10,1,7.8,87,Coding,Business Analytics
10,6,3,1,5.5,95,Design,Machine Learning
5,5,6,7,8.1,74,Data,Business Analytics
1,7,10,1,6.8,91,Networking,Business Analytics
3,8,8,3,9.8,46,Management,Business Analytics
5,10,9,10,7.1,98,Networking,Cybersecurity
1,7,5,4,5.7,47,Networking,Business Analytics
4,2,3,8,9.2,44,AI/ML,Software Development
5,6,6,4,9.1,41,Management,Business Analytics
10,4,9,10,8.5,54,Coding,Software Development
1,1,10,9,8.7,91,Coding,Product Management
6,1,7,5,6.3,58,Management,Product Management
10,6,8,7,8.2,88,Design,UI/UX Design
9,10,6,5,5.2,65,AI/ML,Data Science
10,6,4,10,6.0,46,Networking,Cloud Engineering
2,5,5,4,9.7,68,Design,Business Analytics
9,1,5,9,8.7,54,AI/ML,Software Development
10,7,9,7,6.2,57,Security,Cybersecurity
4,1,6,7,5.6,71,Data,Software Development
5,9,8,4,9.7,88,AI/ML,Business Analytics
6,9,1,9,5.6,75,Design,Machine Learning
5,10,8,8,6.3,53,Coding,Business Analytics
3,3,6,9,5.9,83,Data,Software Development
10,2,10,9,5.0,82,Networking,Cloud Engineering
10,3,5,2,6.6,54,Coding,Software Development
4,8,5,9,9.9,91,Design,Machine Learning
9,3,2,9,6.7,91,Networking,Cloud Engineering
4,9,9,3,7.5,76,Business,Business Analytics
8,2,8,10,8.7,58,Management,Software Development
6,1,9,6,7.8,61,Data,Product Management
5,3,1,4,8.7,66,Networking,Cloud Engineering
2,8,3,3,8.3,51,Coding,Business Analytics
7,7,9,4,8.0,58,Design,UI/UX Design
4,4,1,1,8.2,48,AI/ML,Machine Learning
3,7,6,7,9.0,49,Management,Business Analytics
2,7,5,8,8.6,85,AI/ML,Business Analytics
10,6,10,7,9.0,47,Data,Business Analytics
2,6,9,6,5.7,68,Business,Business Analytics
8,2,9,4,8.4,66,Data,UI/UX Design
9,3,3,8,8.7,42,Business,Software Development
1,6,6,9,6.5,90,AI/ML,Machine Learning
6,2,8,1,9.4,100,Management,Product Management
6,5,10,4,6.5,78,Security,Data Science
4,2,1,10,6.2,80,AI/ML,Software Development
7,8,10,9,9.3,54,AI/ML,Data Science
5,2,4,10,6.2,91,Design,Software Development
5,1,2,2,7.1,87,Management,Product Management
5,7,7,5,6.8,66,Design,UI/UX Design
9,3,8,2,9.5,83,AI/ML,Machine Learning
7,4,2,9,7.3,98,Data,Software Development
4,4,1,6,8.5,76,Networking,Cloud Engineering
10,3,9,3,9.0,52,Data,Machine Learning
9,8,10,1,8.1,60,Business,Software Development
10,7,2,8,9.7,51,AI/ML,UI/UX Design
8,3,10,9,9.0,60,AI/ML,Software Development
4,7,10,9,7.0,94,Data,Business Analytics
8,8,10,10,9.8,51,Data,Business Analytics
4,6,3,9,7.6,94,Business,Software Development
3,6,6,8,5.1,57,AI/ML,Business Analytics
5,10,10,9,6.3,70,Security,Cybersecurity
10,5,10,10,8.1,72,Coding,UI/UX Design
6,4,7,5,5.8,47,Coding,Software Development
4,6,2,8,7.9,51,Networking,Cybersecurity
5,9,1,9,6.8,58,Data,Product Management
3,8,3,2,7.7,43,Management,Machine Learning
7,1,1,7,5.0,86,Data,Software Development
4,5,2,4,9.2,73,Management,Data Science
6,8,1,2,6.8,91,Data,Data Science
4,3,8,2,5.7,92,Security,Product Management
4,10,6,2,7.2,61,Coding,Business Analytics
10,9,6,9,7.4,89,AI/ML,Data Science
4,9,9,8,8.2,43,Data,Business Analytics
1,1,5,2,7.6,66,Management,Product Management
4,6,5,7,5.2,80,Data,Business Analytics
6,6,3,7,9.4,68,Business,Software Development
1,7,5,6,7.3,85,Networking,Machine Learning
4,9,2,7,5.4,92,AI/ML,Machine Learning
2,4,6,10,8.9,65,Business,Software Development
6,6,10,6,8.3,56,Data,Business Analytics
8,7,6,7,8.2,75,Coding,Software Development
10,8,3,6,7.1,92,Networking,Cloud Engineering
4,8,7,4,7.1,100,Business,Business Analytics
9,4,9,9,7.7,89,Networking,Business Analytics
3,10,5,5,5.3,54,Security,Business Analytics
8,1,3,8,6.5,52,Management,Software Development
6,5,8,7,9.9,74,Networking,Cloud Engineering
8,7,2,7,8.3,64,Security,Cybersecurity
8,1,10,8,7.1,77,Data,Software Development
6,5,4,8,6.1,96,Management,Software Development
3,6,4,6,8.7,73,Data,Business Analytics
6,7,8,7,6.3,61,Design,UI/UX Design
9,2,1,6,5.8,93,Data,Software Development
10,3,3,4,5.8,66,Business,Software Development
10,3,2,8,8.6,76,Data,Software Development
2,7,4,9,8.2,48,Data,Machine Learning
6,4,6,8,5.3,70,Design,UI/UX Design
2,6,2,8,5.6,66,AI/ML,Machine Learning
7,8,4,9,8.2,47,Design,Software Development
10,8,8,4,7.9,52,Data,Data Science
1,2,10,1,8.4,82,Coding,Product Management
7,10,1,4,5.9,51,Security,Machine Learning
10,2,7,8,8.6,48,Security,Cybersecurity
9,1,1,9,9.7,43,Design,Software Development
4,1,6,6,8.0,41,Management,Product Management
2,3,9,8,6.0,66,Security,Cybersecurity
10,9,8,1,8.4,69,Networking,Machine Learning
10,3,3,7,6.7,78,Management,Software Development
6,7,3,7,5.2,74,Management,Machine Learning
10,5,8,6,6.5,72,AI/ML,Machine Learning
1,1,9,8,9.5,100,Management,Product Management
7,5,3,5,7.1,55,AI/ML,Machine Learning
1,1,1,6,9.3,83,Networking,Cloud Engineering
10,5,5,7,7.5,44,Management,Software Development
7,6,7,8,7.6,91,Data,Business Analytics
10,6,5,3,5.0,62,Business,Machine Learning
6,3,10,4,8.2,61,Data,Product Management
1,8,9,5,5.5,48,Coding,Business Analytics
1,6,8,3,7.4,71,Coding,Business Analytics
4,3,1,4,6.3,64,Management,Software Development
8,5,9,4,7.0,99,AI/ML,Machine Learning
2,2,8,4,7.7,50,Management,Product Management
9,10,4,5,5.1,65,Networking,Machine Learning
3,8,6,6,6.4,94,AI/ML,Business Analytics
5,3,9,7,9.9,89,Security,Cybersecurity
3,7,10,4,5.3,86,AI/ML,Business Analytics
5,7,6,9,6.6,72,Business,Business Analytics
5,7,1,5,6.6,93,Coding,Machine Learning
1,1,7,8,6.9,53,Security,Cybersecurity
6,9,7,2,8.4,89,Networking,Business Analytics
8,10,1,2,6.2,75,Data,Data Science
10,10,9,5,7.3,61,AI/ML,Data Science
4,10,3,4,8.2,53,Data,Machine Learning
9,10,9,5,6.6,71,Data,Business Analytics
9,8,6,2,9.7,40,Business,Business Analytics
10,1,4,5,9.9,83,Management,Software Development
4,5,1,7,5.6,54,Networking,Cybersecurity
9,3,1,8,6.7,63,Data,Software Development
6,3,8,3,6.0,51,Coding,Software Development
1,9,4,4,5.9,68,Management,Business Analytics
3,9,9,6,7.5,62,Coding,Business Analytics
7,6,3,6,7.8,51,Data,Machine Learning
2,8,10,8,7.1,94,AI/ML,Business Analytics
5,2,10,4,6.4,86,AI/ML,Product Management
8,3,2,7,6.4,63,Coding,Software Development
2,9,7,9,10.0,43,Management,Business Analytics
5,5,10,3,9.6,91,Coding,Business Analytics
3,6,4,9,5.4,82,Management,Software Development
6,5,1,4,8.3,73,Design,Machine Learning
3,3,9,4,7.3,76,AI/ML,Product Management
10,9,5,7,8.4,40,Networking,Cloud Engineering
1,8,1,7,8.0,68,Networking,Cybersecurity
10,7,9,6,9.4,51,Business,Business Analytics
8,4,7,3,5.3,79,Design,UI/UX Design
9,7,1,1,6.7,96,Security,Machine Learning
9,10,3,10,9.9,72,Management,Machine Learning
2,7,1,9,5.9,76,Design,Software Development
10,5,10,9,5.6,80,Management,Product Management
6,3,1,6,8.6,96,Management,Software Development
10,6,8,9,8.9,42,AI/ML,Software Development
9,4,6,5,8.4,58,Data,Machine Learning
6,7,6,1,8.9,56,Security,Machine Learning
4,1,9,2,8.5,83,AI/ML,Product Management
2,2,9,3,5.7,67,Design,UI/UX Design
2,8,2,4,8.0,87,Management,Cloud Engineering
4,4,1,10,8.9,68,Business,Software Development
9,5,2,4,9.3,99,Security,Product Management
6,6,7,7,6.2,86,Management,Product Management
5,5,6,3,5.6,41,Data,Business Analytics
3,8,1,7,8.9,100,Data,UI/UX Design
6,3,3,6,6.3,98,Design,Software Development
7,8,6,2,5.2,42,Networking,Machine Learning
10,3,8,5,9.1,63,Networking,Cloud Engineering
8,4,4,2,7.5,99,Design,Machine Learning
7,6,10,9,6.6,91,Networking,Cloud Engineering
10,9,10,8,5.1,68,Security,Cloud Engineering
5,3,8,10,5.2,73,Security,Cybersecurity
10,6,5,9,9.0,41,Business,Software Development
4,1,9,3,7.4,74,Design,UI/UX Design
2,1,8,8,5.7,80,Coding,Software Development
5,8,6,2,6.8,61,Coding,Business Analytics
2,8,5,10,5.8,58,Business,Data Science
2,4,9,8,5.6,90,AI/ML,Product Management
9,7,6,7,6.4,67,Security,Cybersecurity
8,4,2,10,7.7,56,Coding,Software Development
3,3,10,9,6.1,62,Business,Product Management
9,5,1,9,6.7,70,Business,Data Science
1,4,7,2,7.4,55,Coding,Business Analytics
3,9,7,1,7.1,74,Business,Business Analytics
8,5,6,10,5.6,92,Data,Software Development
4,4,1,3,5.2,85,Management,Machine Learning
8,6,5,5,5.2,54,Coding,Software Development
9,8,9,1,6.8,68,Coding,Machine Learning
1,3,3,7,8.6,73,Networking,Cybersecurity
1,10,7,9,5.7,81,Business,Data Science
10,5,9,9,8.9,86,Security,Cybersecurity
6,7,10,6,8.6,69,Coding,Business Analytics
6,10,6,7,5.0,59,Networking,Cloud Engineering
5,5,4,6,5.1,80,Design,Software Development
5,2,7,5,6.0,47,Networking,Cloud Engineering
7,8,5,6,5.3,81,Design,Machine Learning
6,1,7,10,7.7,94,Security,Cybersecurity
2,5,8,3,5.2,83,Design,UI/UX Design
7,10,8,5,9.0,66,Networking,Business Analytics
7,5,3,7,7.5,90,Management,Software Development
2,7,8,6,8.6,72,Management,Product Management
4,6,6,1,8.8,72,Management,Business Analytics
8,3,10,3,7.5,91,AI/ML,Product Management
7,4,7,7,9.6,51,Security,Cybersecurity
2,6,9,7,10.0,87,Management,Product Management
1,2,10,8,6.8,81,Security,Cybersecurity
6,5,10,10,5.6,72,Data,Business Analytics
5,5,8,7,6.8,44,Business,Business Analytics
10,9,6,6,6.1,86,Data,Data Science
6,2,2,4,7.7,53,Design,UI/UX Design
10,9,4,4,6.9,94,Security,Machine Learning
3,5,5,9,7.4,88,Business,Software Development
5,7,8,5,8.8,62,Data,Business Analytics
2,6,6,8,6.4,66,Security,Data Science
6,3,5,2,7.7,41,Security,Machine Learning
2,10,2,2,6.7,70,Coding,Machine Learning
5,3,8,3,8.9,43,Security,Business Analytics
4,1,5,2,8.2,100,Coding,Product Management
2,8,1,7,5.0,79,Management,Machine Learning
1,7,3,7,8.3,54,AI/ML,Machine Learning
6,9,9,6,5.9,89,Coding,Business Analytics
10,5,2,3,8.6,41,Design,Machine Learning
2,1,5,6,7.8,73,Design,Product Management
5,1,6,2,7.0,46,Data,Business Analytics
3,5,1,5,8.5,43,Networking,Cloud Engineering
9,3,2,2,9.3,54,AI/ML,Machine Learning
5,10,10,1,8.9,57,Design,UI/UX Design
10,2,6,2,7.7,84,Design,UI/UX Design
3,9,3,2,8.6,94,Design,Machine Learning
1,3,2,5,7.1,87,Networking,Cloud Engineering
6,2,5,6,8.9,85,Management,Software Development
7,3,8,7,9.1,74,Security,Cybersecurity
10,2,8,5,5.7,62,Coding,Software Development
9,5,2,2,6.2,55,AI/ML,Machine Learning
9,4,8,1,6.3,97,Coding,Machine Learning
7,6,9,8,5.8,71,AI/ML,Machine Learning
4,6,3,10,7.0,74,Data,Software Development
5,1,1,3,6.0,40,Design,Software Development
2,2,10,3,8.0,67,Networking,Product Management
5,2,6,4,5.5,81,Design,Cybersecurity
4,2,8,3,6.3,70,Security,Product Management
1,1,4,3,8.3,77,Security,Product Management
3,4,3,5,7.0,89,Networking,Cloud Engineering
6,6,3,8,7.1,41,Design,Software Development
4,4,3,8,9.0,95,Design,Data Science
10,4,5,10,9.9,89,Management,Software Development
5,5,2,4,7.8,65,Security,Machine Learning
10,6,9,5,5.4,86,Business,Product Management
7,4,6,4,5.5,44,Management,Machine Learning
1,3,10,1,9.8,58,Networking,Business Analytics
3,5,6,4,8.4,46,Security,Business Analytics
8,1,4,3,8.8,78,Management,Software Development
6,5,6,5,8.4,92,Security,Machine Learning
4,10,2,2,5.9,76,AI/ML,Machine Learning
6,4,9,8,7.2,83,Coding,Software Development
10,2,8,9,9.0,48,Security,Cybersecurity
4,8,2,10,9.3,96,AI/ML,Machine Learning
1,2,6,1,6.2,51,AI/ML,Product Management
4,2,6,2,8.0,72,Business,Product Management
10,2,3,10,5.8,81,Networking,Cloud Engineering
8,9,2,9,9.8,92,Coding,Software Development
9,10,8,6,6.3,96,Coding,Software Development
10,6,3,4,8.6,76,Business,Machine Learning
2,7,6,6,6.2,75,Design,UI/UX Design
3,7,3,6,8.1,65,Design,Machine Learning
1,7,7,9,8.3,74,Security,Cybersecurity
1,6,1,6,6.6,81,Management,Product Management
9,10,4,1,9.1,79,AI/ML,Data Science
10,8,6,7,9.4,76,Data,Data Science
2,1,5,8,9.3,66,Coding,Software Development
8,4,7,3,6.7,51,Business,Cybersecurity
6,10,2,2,8.7,43,Business,Product Management
1,5,5,2,7.8,65,Data,Business Analytics
10,3,8,9,8.0,64,Business,Software Development
9,9,4,5,7.4,77,Management,Machine Learning
6,7,2,6,8.0,94,Networking,Cloud Engineering
8,6,9,10,5.7,82,Security,Cybersecurity
4,5,8,1,7.0,89,Management,Product Management
8,2,7,3,5.9,75,Design,UI/UX Design
5,4,8,9,6.4,96,AI/ML,Software Development
10,5,8,6,5.6,97,Data,Machine Learning
1,10,8,1,6.1,49,Networking,Business Analytics
2,4,6,8,8.9,78,Business,Business Analytics
10,2,1,2,7.7,70,Networking,Cloud Engineering
3,5,6,8,5.1,99,Business,Business Analytics
4,10,3,8,8.9,75,Business,Product Management
8,5,8,9,9.5,40,Management,Software Development
2,4,5,5,9.4,52,Business,Data Science
6,7,10,3,9.1,47,Networking,Business Analytics
3,7,6,9,10.0,52,Data,Business Analytics
2,3,6,6,7.9,45,Coding,Software Development
10,10,10,7,9.8,87,Design,UI/UX Design
2,6,5,2,9.7,70,Management,Business Analytics
1,1,4,7,6.6,80,Security,Cybersecurity
7,5,4,6,9.3,100,AI/ML,Machine Learning
9,10,9,3,9.0,79,Networking,Machine Learning
2,4,8,8,8.9,69,AI/ML,Business Analytics
8,6,2,2,9.5,56,Design,Machine Learning
6,7,5,8,6.9,86,Business,Software Development
9,8,4,10,7.0,70,Management,Software Development
2,9,7,6,8.2,86,Coding,Machine Learning
10,2,1,2,8.7,41,Security,Machine Learning
7,6,8,6,9.4,49,Business,Business Analytics
9,6,8,6,9.4,47,Management,Machine Learning
4,2,3,6,8.6,81,Coding,Software Development
10,7,2,3,9.8,71,Business,Cybersecurity
7,2,7,7,5.9,59,Business,Software Development
2,5,3,3,9.8,58,Management,Machine Learning
10,4,10,6,5.3,77,Data,Machine Learning
8,2,8,6,7.8,98,Security,Software Development
4,9,10,7,5.5,100,Design,UI/UX Design
6,3,6,8,7.8,68,Security,Cybersecurity
4,3,10,9,7.0,80,Data,Business Analytics
6,9,1,8,5.4,45,Data,Data Science
10,9,3,8,8.2,97,Security,Cybersecurity
9,1,1,9,8.7,41,Management,Data Science
3,3,7,3,5.9,60,Design,UI/UX Design
10,8,6,3,8.5,84,Networking,Machine Learning
5,8,3,6,5.9,99,Data,Machine Learning
8,10,4,5,5.7,50,Data,Data Science
8,6,7,8,5.7,80,Management,Product Management
5,1,2,1,8.0,51,Data,Machine Learning
5,9,6,2,8.9,43,Management,Business Analytics
5,2,7,8,8.0,65,Data,Software Development
9,2,3,9,9.0,75,Management,Software Development
4,7,3,4,8.0,56,Security,Product Management
3,7,4,4,9.0,99,Management,Business Analytics
4,1,6,6,9.9,77,Coding,Software Development
2,2,3,5,7.0,66,Management,Product Management
4,6,4,2,5.7,69,Business,Business Analytics
2,3,6,6,5.7,68,Security,Product Management
1,7,2,9,8.0,46,Networking,Cybersecurity
8,5,6,8,7.7,76,Networking,Cloud Engineering
1,6,2,9,5.9,87,Data,Software Development
6,5,2,7,9.4,65,Design,Software Development
8,4,3,9,9.8,65,Data,Software Development
8,4,3,3,6.3,95,AI/ML,Machine Learning
5,7,1,1,6.0,77,Security,Machine Learning
2,6,10,2,6.1,58,Networking,Business Analytics
10,6,4,10,6.9,40,Security,Cybersecurity
9,6,9,7,9.3,90,Business,UI/UX Design
7,3,10,3,8.0,78,Design,UI/UX Design
1,10,9,9,5.3,78,Design,UI/UX Design
1,6,9,4,7.4,57,Coding,Business Analytics
4,8,2,6,5.5,51,Networking,Machine Learning
2,9,4,3,7.0,70,Data,Business Analytics
9,10,8,1,7.0,86,Security,Machine Learning
3,7,6,3,8.2,58,Management,Business Analytics
3,8,1,3,7.7,72,Networking,Machine Learning
10,5,6,6,9.4,100,Data,Machine Learning
9,8,9,1,5.1,53,Coding,Machine Learning
3,4,9,3,8.9,54,Management,Product Management
4,8,4,6,5.1,54,Security,Machine Learning
6,1,3,4,6.5,95,Management,Software Development
7,10,4,7,9.4,72,Networking,Cloud Engineering
10,3,3,7,8.5,95,Business,Software Development
9,7,4,10,5.9,97,Security,Data Science
10,1,4,9,7.5,65,Data,Software Development
1,2,5,3,8.6,43,Coding,Product Management
3,10,1,7,9.7,58,Design,Cybersecurity
6,9,3,7,8.2,73,Data,Data Science
1,3,4,6,5.1,63,Networking,Cloud Engineering
4,2,2,8,7.5,40,Business,Software Development
2,9,9,2,5.8,100,Coding,Business Analytics
10,10,7,4,5.2,58,Networking,Machine Learning
1,2,10,9,8.0,77,Coding,Product Management
2,7,6,9,8.9,97,Business,Business Analytics
2,3,2,1,5.2,73,Coding,Product Management
2,8,10,5,8.9,82,Networking,Data Science
6,5,5,3,8.5,42,Data,Machine Learning
4,2,7,2,8.8,82,Networking,Product Management
10,4,4,1,6.2,91,Coding,Machine Learning
3,6,5,6,7.0,96,Security,Business Analytics
6,8,5,7,5.6,45,Networking,Cloud Engineering
7,1,3,6,6.2,53,Design,Software Development
7,10,6,4,6.5,42,Design,UI/UX Design
8,7,8,8,6.6,95,Design,UI/UX Design
3,9,1,7,5.9,56,Networking,Cybersecurity
6,10,2,10,5.9,72,Security,Cybersecurity
9,2,9,4,9.5,69,Security,Software Development
9,1,6,3,8.9,82,Management,Product Management
7,8,10,5,6.7,94,Networking,Business Analytics
7,2,7,6,9.7,59,Business,Software Development
9,2,7,5,6.2,88,AI/ML,Software Development
7,5,9,9,7.0,57,Networking,Cloud Engineering
10,10,7,1,9.1,52,Management,Machine Learning
2,8,4,6,7.2,46,Business,Cybersecurity
4,6,6,5,6.2,62,Security,Business Analytics
2,2,3,3,6.8,74,Security,Product Management
1,4,4,7,7.5,87,Data,Business Analytics
5,7,7,9,8.1,91,Design,UI/UX Design
3,2,2,6,7.0,72,Security,Software Development
5,6,7,1,7.2,64,AI/ML,Machine Learning
5,1,6,1,6.3,50,Coding,Product Management
7,4,4,5,7.7,95,Coding,Software Development
10,3,1,7,6.1,64,Security,Cybersecurity
9,7,8,4,9.3,86,Networking,Product Management
4,10,9,4,8.7,78,Coding,Business Analytics
4,2,8,9,7.1,96,AI/ML,Software Development
8,8,5,1,8.7,99,Networking,Machine Learning
2,7,7,1,5.0,83,Networking,Business Analytics
6,10,5,2,6.7,80,Coding,Machine Learning
5,10,4,10,7.2,48,AI/ML,Machine Learning
2,2,4,5,7.3,40,Security,Software Development
7,8,3,2,8.7,73,Security,Machine Learning
4,6,10,4,9.8,83,Coding,Business Analytics
2,2,7,10,6.9,85,Networking,Cybersecurity
7,3,2,7,6.8,55,Business,Software Development
2,10,9,3,8.1,70,Networking,Business Analytics
7,6,2,3,6.4,92,AI/ML,Machine Learning
2,4,6,1,5.7,45,Management,Software Development
5,4,2,8,9.8,63,Data,Product Management
9,9,4,2,9.0,97,Management,Machine Learning
3,3,7,3,9.8,52,Business,Business Analytics
8,2,10,4,6.1,59,Security,Product Management
8,6,10,7,5.1,68,Design,Cybersecurity
10,10,9,7,7.2,81,Coding,Software Development
2,2,3,8,9.7,55,Business,Software Development
8,3,1,3,5.7,88,Security,Machine Learning
10,5,10,4,5.6,54,Security,Machine Learning
8,2,10,4,5.3,62,Data,Business Analytics
2,7,3,1,8.8,74,Coding,Cybersecurity
9,3,1,8,8.9,40,Data,Software Development
2,2,7,6,8.5,86,Management,Product Management
6,3,1,5,5.3,80,AI/ML,Machine Learning
5,10,1,10,8.6,90,Business,Machine Learning
6,10,10,2,7.2,56,AI/ML,Data Science
6,6,5,10,5.8,64,AI/ML,Software Development
1,5,2,7,6.5,94,Management,Product Management
6,9,7,3,7.5,44,Coding,Business Analytics
10,2,4,7,6.6,69,Coding,Software Development
5,7,6,8,9.8,69,AI/ML,Machine Learning
3,7,9,4,7.4,67,Management,Product Management
10,8,3,4,6.9,66,Networking,Machine Learning
1,3,7,9,8.4,85,Security,Cybersecurity
5,8,9,2,8.3,52,Business,Business Analytics
6,7,5,1,5.0,94,Data,Data Science
5,9,10,7,8.1,94,Management,Product Management
10,2,5,10,6.2,50,Data,Software Development
5,7,5,6,6.9,99,Design,Machine Learning
10,9,9,2,8.5,55,Coding,Machine Learning
1,3,7,6,7.8,43,Coding,Business Analytics
8,8,9,3,6.8,64,Design,UI/UX Design
6,1,8,9,5.8,88,Networking,Cloud Engineering
3,8,8,7,7.5,91,AI/ML,Business Analytics
3,7,3,4,6.6,79,Coding,Machine Learning
8,2,4,7,9.6,89,Networking,Cloud Engineering
7,1,9,7,7.7,55,Coding,Data Science
7,8,7,7,9.3,93,Design,UI/UX Design
1,3,3,4,7.0,78,Business,Product Management
6,5,4,6,9.1,48,Business,Software Development
10,1,8,1,5.3,47,AI/ML,Machine Learning
1,10,2,5,6.5,56,Design,Business Analytics
5,6,2,4,5.4,44,Coding,Machine Learning
5,10,8,6,5.2,57,Data,Business Analytics
9,2,3,10,9.6,100,Management,Software Development
3,3,8,10,8.6,54,Management,Software Development
5,7,6,5,8.1,78,Data,Business Analytics
8,7,10,7,7.7,99,Security,Cybersecurity
1,8,6,2,7.8,55,Management,Business Analytics
9,10,9,5,8.2,82,Data,Business Analytics
9,9,9,7,9.1,67,Business,Business Analytics
8,2,3,7,8.0,57,Design,Software Development
7,4,10,10,8.7,97,Security,Cybersecurity
8,10,8,5,6.4,80,Data,Business Analytics
8,6,2,10,9.9,66,Business,Software Development
10,9,1,10,5.2,89,Coding,Software Development
5,6,3,6,6.9,94,Coding,Software Development
5,1,1,1,9.4,87,Networking,Cloud Engineering
7,5,4,4,5.9,92,Security,Machine Learning
2,9,10,8,5.7,59,Design,UI/UX Design
9,7,5,6,6.8,60,AI/ML,Data Science
8,2,1,10,7.1,54,Management,Machine Learning
7,3,5,9,9.7,82,Networking,Cloud Engineering
4,9,3,1,9.2,88,Networking,Machine Learning
4,10,9,9,7.3,80,Security,Cybersecurity
5,8,1,4,9.9,76,Networking,Machine Learning
7,1,8,9,8.2,87,Design,UI/UX Design
